sid,surveyls_title,id,vars,vals,vars_old
252356,0001_202425_bfr_allg_gy_elt_00_2022_p1,1,tpage,6,lastpage
252356,0001_202425_bfr_allg_gy_elt_00_2022_p1,2,tpage,6,lastpage
252356,0001_202425_bfr_allg_gy_elt_00_2022_p1,3,tpage,6,lastpage
252356,0001_202425_bfr_allg_gy_elt_00_2022_p1,4,tpage,6,lastpage
252356,0001_202425_bfr_allg_gy_elt_00_2022_p1,5,tpage,6,lastpage
252356,0001_202425_bfr_allg_gy_elt_00_2022_p1,6,tpage,6,lastpage
252356,0001_202425_bfr_allg_gy_elt_00_2022_p1,7,tpage,6,lastpage
252356,0001_202425_bfr_allg_gy_elt_00_2022_p1,8,tpage,6,lastpage
252356,0001_202425_bfr_allg_gy_elt_00_2022_p1,9,tpage,6,lastpage
252356,0001_202425_bfr_allg_gy_elt_00_2022_p1,10,tpage,6,lastpage
252356,0001_202425_bfr_allg_gy_elt_00_2022_p1,1,rtlanguage,de,startlanguage
252356,0001_202425_bfr_allg_gy_elt_00_2022_p1,2,rtlanguage,de,startlanguage
252356,0001_202425_bfr_allg_gy_elt_00_2022_p1,3,rtlanguage,de,startlanguage
252356,0001_202425_bfr_allg_gy_elt_00_2022_p1,4,rtlanguage,de,startlanguage
252356,0001_202425_bfr_allg_gy_elt_00_2022_p1,5,rtlanguage,de,startlanguage
252356,0001_202425_bfr_allg_gy_elt_00_2022_p1,6,rtlanguage,de,startlanguage
252356,0001_202425_bfr_allg_gy_elt_00_2022_p1,7,rtlanguage,de,startlanguage
252356,0001_202425_bfr_allg_gy_elt_00_2022_p1,8,rtlanguage,de,startlanguage
252356,0001_202425_bfr_allg_gy_elt_00_2022_p1,9,rtlanguage,de,startlanguage
252356,0001_202425_bfr_allg_gy_elt_00_2022_p1,10,rtlanguage,de,startlanguage
252356,0001_202425_bfr_allg_gy_elt_00_2022_p1,1,d,1440250481,seed
252356,0001_202425_bfr_allg_gy_elt_00_2022_p1,2,d,1991639343,seed
252356,0001_202425_bfr_allg_gy_elt_00_2022_p1,3,d,1327331583,seed
252356,0001_202425_bfr_allg_gy_elt_00_2022_p1,4,d,1095599110,seed
252356,0001_202425_bfr_allg_gy_elt_00_2022_p1,5,d,1595537486,seed
252356,0001_202425_bfr_allg_gy_elt_00_2022_p1,6,d,1449546453,seed
252356,0001_202425_bfr_allg_gy_elt_00_2022_p1,7,d,1639902543,seed
252356,0001_202425_bfr_allg_gy_elt_00_2022_p1,8,d,1932106724,seed
252356,0001_202425_bfr_allg_gy_elt_00_2022_p1,9,d,1450964550,seed
252356,0001_202425_bfr_allg_gy_elt_00_2022_p1,10,d,1518709263,seed
252356,0001_202425_bfr_allg_gy_elt_00_2022_p1,1,B131W124E,4,E01[B131W124E]
252356,0001_202425_bfr_allg_gy_elt_00_2022_p1,2,B131W124E,6,E01[B131W124E]
252356,0001_202425_bfr_allg_gy_elt_00_2022_p1,3,B131W124E,3,E01[B131W124E]
252356,0001_202425_bfr_allg_gy_elt_00_2022_p1,4,B131W124E,3,E01[B131W124E]
252356,0001_202425_bfr_allg_gy_elt_00_2022_p1,5,B131W124E,3,E01[B131W124E]
252356,0001_202425_bfr_allg_gy_elt_00_2022_p1,6,B131W124E,5,E01[B131W124E]
252356,0001_202425_bfr_allg_gy_elt_00_2022_p1,7,B131W124E,4,E01[B131W124E]
252356,0001_202425_bfr_allg_gy_elt_00_2022_p1,8,B131W124E,3,E01[B131W124E]
252356,0001_202425_bfr_allg_gy_elt_00_2022_p1,9,B131W124E,6,E01[B131W124E]
252356,0001_202425_bfr_allg_gy_elt_00_2022_p1,10,B131W124E,6,E01[B131W124E]
252356,0001_202425_bfr_allg_gy_elt_00_2022_p1,1,B132a,1,E01[B132a]
252356,0001_202425_bfr_allg_gy_elt_00_2022_p1,2,B132a,3,E01[B132a]
252356,0001_202425_bfr_allg_gy_elt_00_2022_p1,3,B132a,4,E01[B132a]
252356,0001_202425_bfr_allg_gy_elt_00_2022_p1,4,B132a,6,E01[B132a]
252356,0001_202425_bfr_allg_gy_elt_00_2022_p1,5,B132a,1,E01[B132a]
252356,0001_202425_bfr_allg_gy_elt_00_2022_p1,6,B132a,1,E01[B132a]
252356,0001_202425_bfr_allg_gy_elt_00_2022_p1,7,B132a,2,E01[B132a]
252356,0001_202425_bfr_allg_gy_elt_00_2022_p1,8,B132a,6,E01[B132a]
252356,0001_202425_bfr_allg_gy_elt_00_2022_p1,9,B132a,6,E01[B132a]
252356,0001_202425_bfr_allg_gy_elt_00_2022_p1,10,B132a,1,E01[B132a]
252356,0001_202425_bfr_allg_gy_elt_00_2022_p1,1,B132c,5,E01[B132c]
252356,0001_202425_bfr_allg_gy_elt_00_2022_p1,2,B132c,6,E01[B132c]
252356,0001_202425_bfr_allg_gy_elt_00_2022_p1,3,B132c,6,E01[B132c]
252356,0001_202425_bfr_allg_gy_elt_00_2022_p1,4,B132c,2,E01[B132c]
252356,0001_202425_bfr_allg_gy_elt_00_2022_p1,5,B132c,3,E01[B132c]
252356,0001_202425_bfr_allg_gy_elt_00_2022_p1,6,B132c,4,E01[B132c]
252356,0001_202425_bfr_allg_gy_elt_00_2022_p1,7,B132c,5,E01[B132c]
252356,0001_202425_bfr_allg_gy_elt_00_2022_p1,8,B132c,2,E01[B132c]
252356,0001_202425_bfr_allg_gy_elt_00_2022_p1,9,B132c,3,E01[B132c]
252356,0001_202425_bfr_allg_gy_elt_00_2022_p1,10,B132c,4,E01[B132c]
252356,0001_202425_bfr_allg_gy_elt_00_2022_p1,1,B133b,2,E01[B133b]
252356,0001_202425_bfr_allg_gy_elt_00_2022_p1,2,B133b,5,E01[B133b]
252356,0001_202425_bfr_allg_gy_elt_00_2022_p1,3,B133b,6,E01[B133b]
252356,0001_202425_bfr_allg_gy_elt_00_2022_p1,4,B133b,6,E01[B133b]
252356,0001_202425_bfr_allg_gy_elt_00_2022_p1,5,B133b,4,E01[B133b]
252356,0001_202425_bfr_allg_gy_elt_00_2022_p1,6,B133b,5,E01[B133b]
252356,0001_202425_bfr_allg_gy_elt_00_2022_p1,7,B133b,1,E01[B133b]
252356,0001_202425_bfr_allg_gy_elt_00_2022_p1,8,B133b,2,E01[B133b]
252356,0001_202425_bfr_allg_gy_elt_00_2022_p1,9,B133b,3,E01[B133b]
252356,0001_202425_bfr_allg_gy_elt_00_2022_p1,10,B133b,2,E01[B133b]
252356,0001_202425_bfr_allg_gy_elt_00_2022_p1,1,B334W125a,3,E02[B334W125a]
252356,0001_202425_bfr_allg_gy_elt_00_2022_p1,2,B334W125a,1,E02[B334W125a]
252356,0001_202425_bfr_allg_gy_elt_00_2022_p1,3,B334W125a,6,E02[B334W125a]
252356,0001_202425_bfr_allg_gy_elt_00_2022_p1,4,B334W125a,4,E02[B334W125a]
252356,0001_202425_bfr_allg_gy_elt_00_2022_p1,5,B334W125a,5,E02[B334W125a]
252356,0001_202425_bfr_allg_gy_elt_00_2022_p1,6,B334W125a,4,E02[B334W125a]
252356,0001_202425_bfr_allg_gy_elt_00_2022_p1,7,B334W125a,5,E02[B334W125a]
252356,0001_202425_bfr_allg_gy_elt_00_2022_p1,8,B334W125a,6,E02[B334W125a]
252356,0001_202425_bfr_allg_gy_elt_00_2022_p1,9,B334W125a,6,E02[B334W125a]
252356,0001_202425_bfr_allg_gy_elt_00_2022_p1,10,B334W125a,1,E02[B334W125a]
252356,0001_202425_bfr_allg_gy_elt_00_2022_p1,1,B334W125b,1,E02[B334W125b]
252356,0001_202425_bfr_allg_gy_elt_00_2022_p1,2,B334W125b,2,E02[B334W125b]
252356,0001_202425_bfr_allg_gy_elt_00_2022_p1,3,B334W125b,4,E02[B334W125b]
252356,0001_202425_bfr_allg_gy_elt_00_2022_p1,4,B334W125b,2,E02[B334W125b]
252356,0001_202425_bfr_allg_gy_elt_00_2022_p1,5,B334W125b,5,E02[B334W125b]
252356,0001_202425_bfr_allg_gy_elt_00_2022_p1,6,B334W125b,2,E02[B334W125b]
252356,0001_202425_bfr_allg_gy_elt_00_2022_p1,7,B334W125b,1,E02[B334W125b]
252356,0001_202425_bfr_allg_gy_elt_00_2022_p1,8,B334W125b,2,E02[B334W125b]
252356,0001_202425_bfr_allg_gy_elt_00_2022_p1,9,B334W125b,6,E02[B334W125b]
252356,0001_202425_bfr_allg_gy_elt_00_2022_p1,10,B334W125b,4,E02[B334W125b]
252356,0001_202425_bfr_allg_gy_elt_00_2022_p1,1,B333,2,E02[B333]
252356,0001_202425_bfr_allg_gy_elt_00_2022_p1,2,B333,3,E02[B333]
252356,0001_202425_bfr_allg_gy_elt_00_2022_p1,3,B333,3,E02[B333]
252356,0001_202425_bfr_allg_gy_elt_00_2022_p1,4,B333,6,E02[B333]
252356,0001_202425_bfr_allg_gy_elt_00_2022_p1,5,B333,5,E02[B333]
252356,0001_202425_bfr_allg_gy_elt_00_2022_p1,6,B333,3,E02[B333]
252356,0001_202425_bfr_allg_gy_elt_00_2022_p1,7,B333,5,E02[B333]
252356,0001_202425_bfr_allg_gy_elt_00_2022_p1,8,B333,2,E02[B333]
252356,0001_202425_bfr_allg_gy_elt_00_2022_p1,9,B333,5,E02[B333]
252356,0001_202425_bfr_allg_gy_elt_00_2022_p1,10,B333,3,E02[B333]
252356,0001_202425_bfr_allg_gy_elt_00_2022_p1,1,A632,2,E03[A632]
252356,0001_202425_bfr_allg_gy_elt_00_2022_p1,2,A632,1,E03[A632]
252356,0001_202425_bfr_allg_gy_elt_00_2022_p1,3,A632,3,E03[A632]
252356,0001_202425_bfr_allg_gy_elt_00_2022_p1,4,A632,2,E03[A632]
252356,0001_202425_bfr_allg_gy_elt_00_2022_p1,5,A632,2,E03[A632]
252356,0001_202425_bfr_allg_gy_elt_00_2022_p1,6,A632,4,E03[A632]
252356,0001_202425_bfr_allg_gy_elt_00_2022_p1,7,A632,1,E03[A632]
252356,0001_202425_bfr_allg_gy_elt_00_2022_p1,8,A632,4,E03[A632]
252356,0001_202425_bfr_allg_gy_elt_00_2022_p1,9,A632,2,E03[A632]
252356,0001_202425_bfr_allg_gy_elt_00_2022_p1,10,A632,2,E03[A632]
252356,0001_202425_bfr_allg_gy_elt_00_2022_p1,1,A633,6,E03[A633]
252356,0001_202425_bfr_allg_gy_elt_00_2022_p1,2,A633,1,E03[A633]
252356,0001_202425_bfr_allg_gy_elt_00_2022_p1,3,A633,6,E03[A633]
252356,0001_202425_bfr_allg_gy_elt_00_2022_p1,4,A633,2,E03[A633]
252356,0001_202425_bfr_allg_gy_elt_00_2022_p1,5,A633,1,E03[A633]
252356,0001_202425_bfr_allg_gy_elt_00_2022_p1,6,A633,2,E03[A633]
252356,0001_202425_bfr_allg_gy_elt_00_2022_p1,7,A633,6,E03[A633]
252356,0001_202425_bfr_allg_gy_elt_00_2022_p1,8,A633,1,E03[A633]
252356,0001_202425_bfr_allg_gy_elt_00_2022_p1,9,A633,3,E03[A633]
252356,0001_202425_bfr_allg_gy_elt_00_2022_p1,10,A633,2,E03[A633]
252356,0001_202425_bfr_allg_gy_elt_00_2022_p1,1,A631,4,E03[A631]
252356,0001_202425_bfr_allg_gy_elt_00_2022_p1,2,A631,5,E03[A631]
252356,0001_202425_bfr_allg_gy_elt_00_2022_p1,3,A631,4,E03[A631]
252356,0001_202425_bfr_allg_gy_elt_00_2022_p1,4,A631,5,E03[A631]
252356,0001_202425_bfr_allg_gy_elt_00_2022_p1,5,A631,6,E03[A631]
252356,0001_202425_bfr_allg_gy_elt_00_2022_p1,6,A631,1,E03[A631]
252356,0001_202425_bfr_allg_gy_elt_00_2022_p1,7,A631,4,E03[A631]
252356,0001_202425_bfr_allg_gy_elt_00_2022_p1,8,A631,5,E03[A631]
252356,0001_202425_bfr_allg_gy_elt_00_2022_p1,9,A631,5,E03[A631]
252356,0001_202425_bfr_allg_gy_elt_00_2022_p1,10,A631,1,E03[A631]
252356,0001_202425_bfr_allg_gy_elt_00_2022_p1,1,C111b,2,E04[C111b]
252356,0001_202425_bfr_allg_gy_elt_00_2022_p1,2,C111b,3,E04[C111b]
252356,0001_202425_bfr_allg_gy_elt_00_2022_p1,3,C111b,3,E04[C111b]
252356,0001_202425_bfr_allg_gy_elt_00_2022_p1,4,C111b,4,E04[C111b]
252356,0001_202425_bfr_allg_gy_elt_00_2022_p1,5,C111b,4,E04[C111b]
252356,0001_202425_bfr_allg_gy_elt_00_2022_p1,6,C111b,4,E04[C111b]
252356,0001_202425_bfr_allg_gy_elt_00_2022_p1,7,C111b,2,E04[C111b]
252356,0001_202425_bfr_allg_gy_elt_00_2022_p1,8,C111b,6,E04[C111b]
252356,0001_202425_bfr_allg_gy_elt_00_2022_p1,9,C111b,6,E04[C111b]
252356,0001_202425_bfr_allg_gy_elt_00_2022_p1,10,C111b,5,E04[C111b]
252356,0001_202425_bfr_allg_gy_elt_00_2022_p1,1,D311a,6,E04[D311a]
252356,0001_202425_bfr_allg_gy_elt_00_2022_p1,2,D311a,6,E04[D311a]
252356,0001_202425_bfr_allg_gy_elt_00_2022_p1,3,D311a,4,E04[D311a]
252356,0001_202425_bfr_allg_gy_elt_00_2022_p1,4,D311a,4,E04[D311a]
252356,0001_202425_bfr_allg_gy_elt_00_2022_p1,5,D311a,5,E04[D311a]
252356,0001_202425_bfr_allg_gy_elt_00_2022_p1,6,D311a,3,E04[D311a]
252356,0001_202425_bfr_allg_gy_elt_00_2022_p1,7,D311a,1,E04[D311a]
252356,0001_202425_bfr_allg_gy_elt_00_2022_p1,8,D311a,3,E04[D311a]
252356,0001_202425_bfr_allg_gy_elt_00_2022_p1,9,D311a,5,E04[D311a]
252356,0001_202425_bfr_allg_gy_elt_00_2022_p1,10,D311a,3,E04[D311a]
252356,0001_202425_bfr_allg_gy_elt_00_2022_p1,1,D311b,1,E04[D311b]
252356,0001_202425_bfr_allg_gy_elt_00_2022_p1,2,D311b,1,E04[D311b]
252356,0001_202425_bfr_allg_gy_elt_00_2022_p1,3,D311b,3,E04[D311b]
252356,0001_202425_bfr_allg_gy_elt_00_2022_p1,4,D311b,3,E04[D311b]
252356,0001_202425_bfr_allg_gy_elt_00_2022_p1,5,D311b,2,E04[D311b]
252356,0001_202425_bfr_allg_gy_elt_00_2022_p1,6,D311b,1,E04[D311b]
252356,0001_202425_bfr_allg_gy_elt_00_2022_p1,7,D311b,4,E04[D311b]
252356,0001_202425_bfr_allg_gy_elt_00_2022_p1,8,D311b,2,E04[D311b]
252356,0001_202425_bfr_allg_gy_elt_00_2022_p1,9,D311b,3,E04[D311b]
252356,0001_202425_bfr_allg_gy_elt_00_2022_p1,10,D311b,1,E04[D311b]
252356,0001_202425_bfr_allg_gy_elt_00_2022_p1,1,D312W153a,1,E04[D312W153a]
252356,0001_202425_bfr_allg_gy_elt_00_2022_p1,2,D312W153a,1,E04[D312W153a]
252356,0001_202425_bfr_allg_gy_elt_00_2022_p1,3,D312W153a,6,E04[D312W153a]
252356,0001_202425_bfr_allg_gy_elt_00_2022_p1,4,D312W153a,3,E04[D312W153a]
252356,0001_202425_bfr_allg_gy_elt_00_2022_p1,5,D312W153a,5,E04[D312W153a]
252356,0001_202425_bfr_allg_gy_elt_00_2022_p1,6,D312W153a,4,E04[D312W153a]
252356,0001_202425_bfr_allg_gy_elt_00_2022_p1,7,D312W153a,1,E04[D312W153a]
252356,0001_202425_bfr_allg_gy_elt_00_2022_p1,8,D312W153a,2,E04[D312W153a]
252356,0001_202425_bfr_allg_gy_elt_00_2022_p1,9,D312W153a,6,E04[D312W153a]
252356,0001_202425_bfr_allg_gy_elt_00_2022_p1,10,D312W153a,4,E04[D312W153a]
252356,0001_202425_bfr_allg_gy_elt_00_2022_p1,1,D312W153b,1,E04[D312W153b]
252356,0001_202425_bfr_allg_gy_elt_00_2022_p1,2,D312W153b,5,E04[D312W153b]
252356,0001_202425_bfr_allg_gy_elt_00_2022_p1,3,D312W153b,4,E04[D312W153b]
252356,0001_202425_bfr_allg_gy_elt_00_2022_p1,4,D312W153b,5,E04[D312W153b]
252356,0001_202425_bfr_allg_gy_elt_00_2022_p1,5,D312W153b,3,E04[D312W153b]
252356,0001_202425_bfr_allg_gy_elt_00_2022_p1,6,D312W153b,3,E04[D312W153b]
252356,0001_202425_bfr_allg_gy_elt_00_2022_p1,7,D312W153b,5,E04[D312W153b]
252356,0001_202425_bfr_allg_gy_elt_00_2022_p1,8,D312W153b,1,E04[D312W153b]
252356,0001_202425_bfr_allg_gy_elt_00_2022_p1,9,D312W153b,5,E04[D312W153b]
252356,0001_202425_bfr_allg_gy_elt_00_2022_p1,10,D312W153b,4,E04[D312W153b]
252356,0001_202425_bfr_allg_gy_elt_00_2022_p1,1,D313W154,1,E04[D313W154]
252356,0001_202425_bfr_allg_gy_elt_00_2022_p1,2,D313W154,2,E04[D313W154]
252356,0001_202425_bfr_allg_gy_elt_00_2022_p1,3,D313W154,4,E04[D313W154]
252356,0001_202425_bfr_allg_gy_elt_00_2022_p1,4,D313W154,3,E04[D313W154]
252356,0001_202425_bfr_allg_gy_elt_00_2022_p1,5,D313W154,3,E04[D313W154]
252356,0001_202425_bfr_allg_gy_elt_00_2022_p1,6,D313W154,4,E04[D313W154]
252356,0001_202425_bfr_allg_gy_elt_00_2022_p1,7,D313W154,4,E04[D313W154]
252356,0001_202425_bfr_allg_gy_elt_00_2022_p1,8,D313W154,4,E04[D313W154]
252356,0001_202425_bfr_allg_gy_elt_00_2022_p1,9,D313W154,1,E04[D313W154]
252356,0001_202425_bfr_allg_gy_elt_00_2022_p1,10,D313W154,4,E04[D313W154]
252356,0001_202425_bfr_allg_gy_elt_00_2022_p1,1,D332,6,E04[D332]
252356,0001_202425_bfr_allg_gy_elt_00_2022_p1,2,D332,1,E04[D332]
252356,0001_202425_bfr_allg_gy_elt_00_2022_p1,3,D332,5,E04[D332]
252356,0001_202425_bfr_allg_gy_elt_00_2022_p1,4,D332,2,E04[D332]
252356,0001_202425_bfr_allg_gy_elt_00_2022_p1,5,D332,2,E04[D332]
252356,0001_202425_bfr_allg_gy_elt_00_2022_p1,6,D332,2,E04[D332]
252356,0001_202425_bfr_allg_gy_elt_00_2022_p1,7,D332,1,E04[D332]
252356,0001_202425_bfr_allg_gy_elt_00_2022_p1,8,D332,2,E04[D332]
252356,0001_202425_bfr_allg_gy_elt_00_2022_p1,9,D332,3,E04[D332]
252356,0001_202425_bfr_allg_gy_elt_00_2022_p1,10,D332,5,E04[D332]
252356,0001_202425_bfr_allg_gy_elt_00_2022_p1,1,D315,4,E04[D315]
252356,0001_202425_bfr_allg_gy_elt_00_2022_p1,2,D315,6,E04[D315]
252356,0001_202425_bfr_allg_gy_elt_00_2022_p1,3,D315,6,E04[D315]
252356,0001_202425_bfr_allg_gy_elt_00_2022_p1,4,D315,5,E04[D315]
252356,0001_202425_bfr_allg_gy_elt_00_2022_p1,5,D315,1,E04[D315]
252356,0001_202425_bfr_allg_gy_elt_00_2022_p1,6,D315,2,E04[D315]
252356,0001_202425_bfr_allg_gy_elt_00_2022_p1,7,D315,3,E04[D315]
252356,0001_202425_bfr_allg_gy_elt_00_2022_p1,8,D315,4,E04[D315]
252356,0001_202425_bfr_allg_gy_elt_00_2022_p1,9,D315,1,E04[D315]
252356,0001_202425_bfr_allg_gy_elt_00_2022_p1,10,D315,5,E04[D315]
252356,0001_202425_bfr_allg_gy_elt_00_2022_p1,1,D316W235,6,E04[D316W235]
252356,0001_202425_bfr_allg_gy_elt_00_2022_p1,2,D316W235,3,E04[D316W235]
252356,0001_202425_bfr_allg_gy_elt_00_2022_p1,3,D316W235,5,E04[D316W235]
252356,0001_202425_bfr_allg_gy_elt_00_2022_p1,4,D316W235,2,E04[D316W235]
252356,0001_202425_bfr_allg_gy_elt_00_2022_p1,5,D316W235,1,E04[D316W235]
252356,0001_202425_bfr_allg_gy_elt_00_2022_p1,6,D316W235,6,E04[D316W235]
252356,0001_202425_bfr_allg_gy_elt_00_2022_p1,7,D316W235,5,E04[D316W235]
252356,0001_202425_bfr_allg_gy_elt_00_2022_p1,8,D316W235,5,E04[D316W235]
252356,0001_202425_bfr_allg_gy_elt_00_2022_p1,9,D316W235,5,E04[D316W235]
252356,0001_202425_bfr_allg_gy_elt_00_2022_p1,10,D316W235,6,E04[D316W235]
252356,0001_202425_bfr_allg_gy_elt_00_2022_p1,1,B112,2,E05[B112]
252356,0001_202425_bfr_allg_gy_elt_00_2022_p1,2,B112,1,E05[B112]
252356,0001_202425_bfr_allg_gy_elt_00_2022_p1,3,B112,1,E05[B112]
252356,0001_202425_bfr_allg_gy_elt_00_2022_p1,4,B112,5,E05[B112]
252356,0001_202425_bfr_allg_gy_elt_00_2022_p1,5,B112,6,E05[B112]
252356,0001_202425_bfr_allg_gy_elt_00_2022_p1,6,B112,5,E05[B112]
252356,0001_202425_bfr_allg_gy_elt_00_2022_p1,7,B112,6,E05[B112]
252356,0001_202425_bfr_allg_gy_elt_00_2022_p1,8,B112,1,E05[B112]
252356,0001_202425_bfr_allg_gy_elt_00_2022_p1,9,B112,5,E05[B112]
252356,0001_202425_bfr_allg_gy_elt_00_2022_p1,10,B112,2,E05[B112]
252356,0001_202425_bfr_allg_gy_elt_00_2022_p1,1,D314a,1,E05[D314a]
252356,0001_202425_bfr_allg_gy_elt_00_2022_p1,2,D314a,1,E05[D314a]
252356,0001_202425_bfr_allg_gy_elt_00_2022_p1,3,D314a,3,E05[D314a]
252356,0001_202425_bfr_allg_gy_elt_00_2022_p1,4,D314a,4,E05[D314a]
252356,0001_202425_bfr_allg_gy_elt_00_2022_p1,5,D314a,6,E05[D314a]
252356,0001_202425_bfr_allg_gy_elt_00_2022_p1,6,D314a,3,E05[D314a]
252356,0001_202425_bfr_allg_gy_elt_00_2022_p1,7,D314a,6,E05[D314a]
252356,0001_202425_bfr_allg_gy_elt_00_2022_p1,8,D314a,5,E05[D314a]
252356,0001_202425_bfr_allg_gy_elt_00_2022_p1,9,D314a,3,E05[D314a]
252356,0001_202425_bfr_allg_gy_elt_00_2022_p1,10,D314a,5,E05[D314a]
252356,0001_202425_bfr_allg_gy_elt_00_2022_p1,1,D314b,3,E05[D314b]
252356,0001_202425_bfr_allg_gy_elt_00_2022_p1,2,D314b,6,E05[D314b]
252356,0001_202425_bfr_allg_gy_elt_00_2022_p1,3,D314b,1,E05[D314b]
252356,0001_202425_bfr_allg_gy_elt_00_2022_p1,4,D314b,2,E05[D314b]
252356,0001_202425_bfr_allg_gy_elt_00_2022_p1,5,D314b,4,E05[D314b]
252356,0001_202425_bfr_allg_gy_elt_00_2022_p1,6,D314b,6,E05[D314b]
252356,0001_202425_bfr_allg_gy_elt_00_2022_p1,7,D314b,5,E05[D314b]
252356,0001_202425_bfr_allg_gy_elt_00_2022_p1,8,D314b,4,E05[D314b]
252356,0001_202425_bfr_allg_gy_elt_00_2022_p1,9,D314b,5,E05[D314b]
252356,0001_202425_bfr_allg_gy_elt_00_2022_p1,10,D314b,6,E05[D314b]
252356,0001_202425_bfr_allg_gy_elt_00_2022_p1,1,Z1E,1,Zuf[Z1E]
252356,0001_202425_bfr_allg_gy_elt_00_2022_p1,2,Z1E,5,Zuf[Z1E]
252356,0001_202425_bfr_allg_gy_elt_00_2022_p1,3,Z1E,2,Zuf[Z1E]
252356,0001_202425_bfr_allg_gy_elt_00_2022_p1,4,Z1E,5,Zuf[Z1E]
252356,0001_202425_bfr_allg_gy_elt_00_2022_p1,5,Z1E,3,Zuf[Z1E]
252356,0001_202425_bfr_allg_gy_elt_00_2022_p1,6,Z1E,3,Zuf[Z1E]
252356,0001_202425_bfr_allg_gy_elt_00_2022_p1,7,Z1E,2,Zuf[Z1E]
252356,0001_202425_bfr_allg_gy_elt_00_2022_p1,8,Z1E,3,Zuf[Z1E]
252356,0001_202425_bfr_allg_gy_elt_00_2022_p1,9,Z1E,2,Zuf[Z1E]
252356,0001_202425_bfr_allg_gy_elt_00_2022_p1,10,Z1E,2,Zuf[Z1E]
252356,0001_202425_bfr_allg_gy_elt_00_2022_p1,1,Z2E,2,Zuf[Z2E]
252356,0001_202425_bfr_allg_gy_elt_00_2022_p1,2,Z2E,4,Zuf[Z2E]
252356,0001_202425_bfr_allg_gy_elt_00_2022_p1,3,Z2E,4,Zuf[Z2E]
252356,0001_202425_bfr_allg_gy_elt_00_2022_p1,4,Z2E,3,Zuf[Z2E]
252356,0001_202425_bfr_allg_gy_elt_00_2022_p1,5,Z2E,4,Zuf[Z2E]
252356,0001_202425_bfr_allg_gy_elt_00_2022_p1,6,Z2E,4,Zuf[Z2E]
252356,0001_202425_bfr_allg_gy_elt_00_2022_p1,7,Z2E,2,Zuf[Z2E]
252356,0001_202425_bfr_allg_gy_elt_00_2022_p1,8,Z2E,5,Zuf[Z2E]
252356,0001_202425_bfr_allg_gy_elt_00_2022_p1,9,Z2E,4,Zuf[Z2E]
252356,0001_202425_bfr_allg_gy_elt_00_2022_p1,10,Z2E,3,Zuf[Z2E]
252356,0001_202425_bfr_allg_gy_elt_00_2022_p1,1,Z3E,4,Zuf[Z3E]
252356,0001_202425_bfr_allg_gy_elt_00_2022_p1,2,Z3E,3,Zuf[Z3E]
252356,0001_202425_bfr_allg_gy_elt_00_2022_p1,3,Z3E,2,Zuf[Z3E]
252356,0001_202425_bfr_allg_gy_elt_00_2022_p1,4,Z3E,1,Zuf[Z3E]
252356,0001_202425_bfr_allg_gy_elt_00_2022_p1,5,Z3E,5,Zuf[Z3E]
252356,0001_202425_bfr_allg_gy_elt_00_2022_p1,6,Z3E,2,Zuf[Z3E]
252356,0001_202425_bfr_allg_gy_elt_00_2022_p1,7,Z3E,2,Zuf[Z3E]
252356,0001_202425_bfr_allg_gy_elt_00_2022_p1,8,Z3E,5,Zuf[Z3E]
252356,0001_202425_bfr_allg_gy_elt_00_2022_p1,9,Z3E,5,Zuf[Z3E]
252356,0001_202425_bfr_allg_gy_elt_00_2022_p1,10,Z3E,2,Zuf[Z3E]
252356,0001_202425_bfr_allg_gy_elt_00_2022_p1,1,Z4E,3,Zuf[Z4E]
252356,0001_202425_bfr_allg_gy_elt_00_2022_p1,2,Z4E,1,Zuf[Z4E]
252356,0001_202425_bfr_allg_gy_elt_00_2022_p1,3,Z4E,2,Zuf[Z4E]
252356,0001_202425_bfr_allg_gy_elt_00_2022_p1,4,Z4E,4,Zuf[Z4E]
252356,0001_202425_bfr_allg_gy_elt_00_2022_p1,5,Z4E,5,Zuf[Z4E]
252356,0001_202425_bfr_allg_gy_elt_00_2022_p1,6,Z4E,1,Zuf[Z4E]
252356,0001_202425_bfr_allg_gy_elt_00_2022_p1,7,Z4E,2,Zuf[Z4E]
252356,0001_202425_bfr_allg_gy_elt_00_2022_p1,8,Z4E,2,Zuf[Z4E]
252356,0001_202425_bfr_allg_gy_elt_00_2022_p1,9,Z4E,5,Zuf[Z4E]
252356,0001_202425_bfr_allg_gy_elt_00_2022_p1,10,Z4E,3,Zuf[Z4E]
252356,0001_202425_bfr_allg_gy_elt_00_2022_p1,1,Z5E,5,Zuf[Z5E]
252356,0001_202425_bfr_allg_gy_elt_00_2022_p1,2,Z5E,2,Zuf[Z5E]
252356,0001_202425_bfr_allg_gy_elt_00_2022_p1,3,Z5E,5,Zuf[Z5E]
252356,0001_202425_bfr_allg_gy_elt_00_2022_p1,4,Z5E,2,Zuf[Z5E]
252356,0001_202425_bfr_allg_gy_elt_00_2022_p1,5,Z5E,5,Zuf[Z5E]
252356,0001_202425_bfr_allg_gy_elt_00_2022_p1,6,Z5E,4,Zuf[Z5E]
252356,0001_202425_bfr_allg_gy_elt_00_2022_p1,7,Z5E,4,Zuf[Z5E]
252356,0001_202425_bfr_allg_gy_elt_00_2022_p1,8,Z5E,3,Zuf[Z5E]
252356,0001_202425_bfr_allg_gy_elt_00_2022_p1,9,Z5E,2,Zuf[Z5E]
252356,0001_202425_bfr_allg_gy_elt_00_2022_p1,10,Z5E,2,Zuf[Z5E]
252356,0001_202425_bfr_allg_gy_elt_00_2022_p1,1,Z6E,2,Zuf[Z6E]
252356,0001_202425_bfr_allg_gy_elt_00_2022_p1,2,Z6E,2,Zuf[Z6E]
252356,0001_202425_bfr_allg_gy_elt_00_2022_p1,3,Z6E,5,Zuf[Z6E]
252356,0001_202425_bfr_allg_gy_elt_00_2022_p1,4,Z6E,3,Zuf[Z6E]
252356,0001_202425_bfr_allg_gy_elt_00_2022_p1,5,Z6E,2,Zuf[Z6E]
252356,0001_202425_bfr_allg_gy_elt_00_2022_p1,6,Z6E,1,Zuf[Z6E]
252356,0001_202425_bfr_allg_gy_elt_00_2022_p1,7,Z6E,5,Zuf[Z6E]
252356,0001_202425_bfr_allg_gy_elt_00_2022_p1,8,Z6E,1,Zuf[Z6E]
252356,0001_202425_bfr_allg_gy_elt_00_2022_p1,9,Z6E,3,Zuf[Z6E]
252356,0001_202425_bfr_allg_gy_elt_00_2022_p1,10,Z6E,4,Zuf[Z6E]
252356,0001_202425_bfr_allg_gy_elt_00_2022_p1,1,Z7E,4,Zuf[Z7E]
252356,0001_202425_bfr_allg_gy_elt_00_2022_p1,2,Z7E,3,Zuf[Z7E]
252356,0001_202425_bfr_allg_gy_elt_00_2022_p1,3,Z7E,1,Zuf[Z7E]
252356,0001_202425_bfr_allg_gy_elt_00_2022_p1,4,Z7E,3,Zuf[Z7E]
252356,0001_202425_bfr_allg_gy_elt_00_2022_p1,5,Z7E,1,Zuf[Z7E]
252356,0001_202425_bfr_allg_gy_elt_00_2022_p1,6,Z7E,5,Zuf[Z7E]
252356,0001_202425_bfr_allg_gy_elt_00_2022_p1,7,Z7E,4,Zuf[Z7E]
252356,0001_202425_bfr_allg_gy_elt_00_2022_p1,8,Z7E,2,Zuf[Z7E]
252356,0001_202425_bfr_allg_gy_elt_00_2022_p1,9,Z7E,2,Zuf[Z7E]
252356,0001_202425_bfr_allg_gy_elt_00_2022_p1,10,Z7E,4,Zuf[Z7E]
252356,0001_202425_bfr_allg_gy_elt_00_2022_p1,1,mitdate,2024-08-28 10:16:31,submitdate
252356,0001_202425_bfr_allg_gy_elt_00_2022_p1,2,mitdate,2024-08-28 10:16:31,submitdate
252356,0001_202425_bfr_allg_gy_elt_00_2022_p1,3,mitdate,2024-08-28 10:16:31,submitdate
252356,0001_202425_bfr_allg_gy_elt_00_2022_p1,4,mitdate,2024-08-28 10:16:31,submitdate
252356,0001_202425_bfr_allg_gy_elt_00_2022_p1,5,mitdate,2024-08-28 10:16:31,submitdate
252356,0001_202425_bfr_allg_gy_elt_00_2022_p1,6,mitdate,2024-08-28 10:16:31,submitdate
252356,0001_202425_bfr_allg_gy_elt_00_2022_p1,7,mitdate,2024-08-28 10:16:31,submitdate
252356,0001_202425_bfr_allg_gy_elt_00_2022_p1,8,mitdate,2024-08-28 10:16:31,submitdate
252356,0001_202425_bfr_allg_gy_elt_00_2022_p1,9,mitdate,2024-08-28 10:16:31,submitdate
252356,0001_202425_bfr_allg_gy_elt_00_2022_p1,10,mitdate,2024-08-28 10:16:31,submitdate
251539,0001_202425_bfr_allg_gy_sus_00_2022_p1,1,tpage,15,lastpage
251539,0001_202425_bfr_allg_gy_sus_00_2022_p1,2,tpage,15,lastpage
251539,0001_202425_bfr_allg_gy_sus_00_2022_p1,3,tpage,15,lastpage
251539,0001_202425_bfr_allg_gy_sus_00_2022_p1,4,tpage,15,lastpage
251539,0001_202425_bfr_allg_gy_sus_00_2022_p1,5,tpage,15,lastpage
251539,0001_202425_bfr_allg_gy_sus_00_2022_p1,6,tpage,15,lastpage
251539,0001_202425_bfr_allg_gy_sus_00_2022_p1,7,tpage,15,lastpage
251539,0001_202425_bfr_allg_gy_sus_00_2022_p1,8,tpage,15,lastpage
251539,0001_202425_bfr_allg_gy_sus_00_2022_p1,9,tpage,15,lastpage
251539,0001_202425_bfr_allg_gy_sus_00_2022_p1,10,tpage,15,lastpage
251539,0001_202425_bfr_allg_gy_sus_00_2022_p1,1,rtlanguage,de-informal,startlanguage
251539,0001_202425_bfr_allg_gy_sus_00_2022_p1,2,rtlanguage,de-informal,startlanguage
251539,0001_202425_bfr_allg_gy_sus_00_2022_p1,3,rtlanguage,de-informal,startlanguage
251539,0001_202425_bfr_allg_gy_sus_00_2022_p1,4,rtlanguage,de-informal,startlanguage
251539,0001_202425_bfr_allg_gy_sus_00_2022_p1,5,rtlanguage,de-informal,startlanguage
251539,0001_202425_bfr_allg_gy_sus_00_2022_p1,6,rtlanguage,de-informal,startlanguage
251539,0001_202425_bfr_allg_gy_sus_00_2022_p1,7,rtlanguage,de-informal,startlanguage
251539,0001_202425_bfr_allg_gy_sus_00_2022_p1,8,rtlanguage,de-informal,startlanguage
251539,0001_202425_bfr_allg_gy_sus_00_2022_p1,9,rtlanguage,de-informal,startlanguage
251539,0001_202425_bfr_allg_gy_sus_00_2022_p1,10,rtlanguage,de-informal,startlanguage
251539,0001_202425_bfr_allg_gy_sus_00_2022_p1,1,d,1425766627,seed
251539,0001_202425_bfr_allg_gy_sus_00_2022_p1,2,d,1639399470,seed
251539,0001_202425_bfr_allg_gy_sus_00_2022_p1,3,d,1351611976,seed
251539,0001_202425_bfr_allg_gy_sus_00_2022_p1,4,d,1076902810,seed
251539,0001_202425_bfr_allg_gy_sus_00_2022_p1,5,d,1598968859,seed
251539,0001_202425_bfr_allg_gy_sus_00_2022_p1,6,d,1815951570,seed
251539,0001_202425_bfr_allg_gy_sus_00_2022_p1,7,d,1863866358,seed
251539,0001_202425_bfr_allg_gy_sus_00_2022_p1,8,d,1096390381,seed
251539,0001_202425_bfr_allg_gy_sus_00_2022_p1,9,d,1240584361,seed
251539,0001_202425_bfr_allg_gy_sus_00_2022_p1,10,d,1779956742,seed
251539,0001_202425_bfr_allg_gy_sus_00_2022_p1,1,gy,13,S01gy
251539,0001_202425_bfr_allg_gy_sus_00_2022_p1,2,gy,12,S01gy
251539,0001_202425_bfr_allg_gy_sus_00_2022_p1,3,gy,5,S01gy
251539,0001_202425_bfr_allg_gy_sus_00_2022_p1,4,gy,7,S01gy
251539,0001_202425_bfr_allg_gy_sus_00_2022_p1,5,gy,8,S01gy
251539,0001_202425_bfr_allg_gy_sus_00_2022_p1,6,gy,11,S01gy
251539,0001_202425_bfr_allg_gy_sus_00_2022_p1,7,gy,9,S01gy
251539,0001_202425_bfr_allg_gy_sus_00_2022_p1,8,gy,13,S01gy
251539,0001_202425_bfr_allg_gy_sus_00_2022_p1,9,gy,5,S01gy
251539,0001_202425_bfr_allg_gy_sus_00_2022_p1,10,gy,8,S01gy
251539,0001_202425_bfr_allg_gy_sus_00_2022_p1,1,B132,3,S02[B132]
251539,0001_202425_bfr_allg_gy_sus_00_2022_p1,2,B132,5,S02[B132]
251539,0001_202425_bfr_allg_gy_sus_00_2022_p1,3,B132,1,S02[B132]
251539,0001_202425_bfr_allg_gy_sus_00_2022_p1,4,B132,2,S02[B132]
251539,0001_202425_bfr_allg_gy_sus_00_2022_p1,5,B132,2,S02[B132]
251539,0001_202425_bfr_allg_gy_sus_00_2022_p1,6,B132,4,S02[B132]
251539,0001_202425_bfr_allg_gy_sus_00_2022_p1,7,B132,2,S02[B132]
251539,0001_202425_bfr_allg_gy_sus_00_2022_p1,8,B132,1,S02[B132]
251539,0001_202425_bfr_allg_gy_sus_00_2022_p1,9,B132,6,S02[B132]
251539,0001_202425_bfr_allg_gy_sus_00_2022_p1,10,B132,3,S02[B132]
251539,0001_202425_bfr_allg_gy_sus_00_2022_p1,1,B133,4,S02[B133]
251539,0001_202425_bfr_allg_gy_sus_00_2022_p1,2,B133,4,S02[B133]
251539,0001_202425_bfr_allg_gy_sus_00_2022_p1,3,B133,6,S02[B133]
251539,0001_202425_bfr_allg_gy_sus_00_2022_p1,4,B133,2,S02[B133]
251539,0001_202425_bfr_allg_gy_sus_00_2022_p1,5,B133,6,S02[B133]
251539,0001_202425_bfr_allg_gy_sus_00_2022_p1,6,B133,3,S02[B133]
251539,0001_202425_bfr_allg_gy_sus_00_2022_p1,7,B133,1,S02[B133]
251539,0001_202425_bfr_allg_gy_sus_00_2022_p1,8,B133,4,S02[B133]
251539,0001_202425_bfr_allg_gy_sus_00_2022_p1,9,B133,6,S02[B133]
251539,0001_202425_bfr_allg_gy_sus_00_2022_p1,10,B133,6,S02[B133]
251539,0001_202425_bfr_allg_gy_sus_00_2022_p1,1,B131W124A,1,S02[B131W124A]
251539,0001_202425_bfr_allg_gy_sus_00_2022_p1,2,B131W124A,1,S02[B131W124A]
251539,0001_202425_bfr_allg_gy_sus_00_2022_p1,3,B131W124A,6,S02[B131W124A]
251539,0001_202425_bfr_allg_gy_sus_00_2022_p1,4,B131W124A,5,S02[B131W124A]
251539,0001_202425_bfr_allg_gy_sus_00_2022_p1,5,B131W124A,2,S02[B131W124A]
251539,0001_202425_bfr_allg_gy_sus_00_2022_p1,6,B131W124A,6,S02[B131W124A]
251539,0001_202425_bfr_allg_gy_sus_00_2022_p1,7,B131W124A,3,S02[B131W124A]
251539,0001_202425_bfr_allg_gy_sus_00_2022_p1,8,B131W124A,2,S02[B131W124A]
251539,0001_202425_bfr_allg_gy_sus_00_2022_p1,9,B131W124A,5,S02[B131W124A]
251539,0001_202425_bfr_allg_gy_sus_00_2022_p1,10,B131W124A,2,S02[B131W124A]
251539,0001_202425_bfr_allg_gy_sus_00_2022_p1,1,B131W124B,1,S02[B131W124B]
251539,0001_202425_bfr_allg_gy_sus_00_2022_p1,2,B131W124B,4,S02[B131W124B]
251539,0001_202425_bfr_allg_gy_sus_00_2022_p1,3,B131W124B,5,S02[B131W124B]
251539,0001_202425_bfr_allg_gy_sus_00_2022_p1,4,B131W124B,3,S02[B131W124B]
251539,0001_202425_bfr_allg_gy_sus_00_2022_p1,5,B131W124B,5,S02[B131W124B]
251539,0001_202425_bfr_allg_gy_sus_00_2022_p1,6,B131W124B,3,S02[B131W124B]
251539,0001_202425_bfr_allg_gy_sus_00_2022_p1,7,B131W124B,4,S02[B131W124B]
251539,0001_202425_bfr_allg_gy_sus_00_2022_p1,8,B131W124B,4,S02[B131W124B]
251539,0001_202425_bfr_allg_gy_sus_00_2022_p1,9,B131W124B,1,S02[B131W124B]
251539,0001_202425_bfr_allg_gy_sus_00_2022_p1,10,B131W124B,6,S02[B131W124B]
251539,0001_202425_bfr_allg_gy_sus_00_2022_p1,1,B131W124C,6,S02[B131W124C]
251539,0001_202425_bfr_allg_gy_sus_00_2022_p1,2,B131W124C,3,S02[B131W124C]
251539,0001_202425_bfr_allg_gy_sus_00_2022_p1,3,B131W124C,3,S02[B131W124C]
251539,0001_202425_bfr_allg_gy_sus_00_2022_p1,4,B131W124C,5,S02[B131W124C]
251539,0001_202425_bfr_allg_gy_sus_00_2022_p1,5,B131W124C,6,S02[B131W124C]
251539,0001_202425_bfr_allg_gy_sus_00_2022_p1,6,B131W124C,6,S02[B131W124C]
251539,0001_202425_bfr_allg_gy_sus_00_2022_p1,7,B131W124C,6,S02[B131W124C]
251539,0001_202425_bfr_allg_gy_sus_00_2022_p1,8,B131W124C,4,S02[B131W124C]
251539,0001_202425_bfr_allg_gy_sus_00_2022_p1,9,B131W124C,1,S02[B131W124C]
251539,0001_202425_bfr_allg_gy_sus_00_2022_p1,10,B131W124C,2,S02[B131W124C]
251539,0001_202425_bfr_allg_gy_sus_00_2022_p1,1,B123,5,S02[B123]
251539,0001_202425_bfr_allg_gy_sus_00_2022_p1,2,B123,2,S02[B123]
251539,0001_202425_bfr_allg_gy_sus_00_2022_p1,3,B123,6,S02[B123]
251539,0001_202425_bfr_allg_gy_sus_00_2022_p1,4,B123,4,S02[B123]
251539,0001_202425_bfr_allg_gy_sus_00_2022_p1,5,B123,3,S02[B123]
251539,0001_202425_bfr_allg_gy_sus_00_2022_p1,6,B123,4,S02[B123]
251539,0001_202425_bfr_allg_gy_sus_00_2022_p1,7,B123,6,S02[B123]
251539,0001_202425_bfr_allg_gy_sus_00_2022_p1,8,B123,5,S02[B123]
251539,0001_202425_bfr_allg_gy_sus_00_2022_p1,9,B123,6,S02[B123]
251539,0001_202425_bfr_allg_gy_sus_00_2022_p1,10,B123,5,S02[B123]
251539,0001_202425_bfr_allg_gy_sus_00_2022_p1,1,B312,4,S02[B312]
251539,0001_202425_bfr_allg_gy_sus_00_2022_p1,2,B312,1,S02[B312]
251539,0001_202425_bfr_allg_gy_sus_00_2022_p1,3,B312,3,S02[B312]
251539,0001_202425_bfr_allg_gy_sus_00_2022_p1,4,B312,5,S02[B312]
251539,0001_202425_bfr_allg_gy_sus_00_2022_p1,5,B312,3,S02[B312]
251539,0001_202425_bfr_allg_gy_sus_00_2022_p1,6,B312,4,S02[B312]
251539,0001_202425_bfr_allg_gy_sus_00_2022_p1,7,B312,4,S02[B312]
251539,0001_202425_bfr_allg_gy_sus_00_2022_p1,8,B312,6,S02[B312]
251539,0001_202425_bfr_allg_gy_sus_00_2022_p1,9,B312,5,S02[B312]
251539,0001_202425_bfr_allg_gy_sus_00_2022_p1,10,B312,3,S02[B312]
251539,0001_202425_bfr_allg_gy_sus_00_2022_p1,1,B122,1,S02[B122]
251539,0001_202425_bfr_allg_gy_sus_00_2022_p1,2,B122,2,S02[B122]
251539,0001_202425_bfr_allg_gy_sus_00_2022_p1,3,B122,6,S02[B122]
251539,0001_202425_bfr_allg_gy_sus_00_2022_p1,4,B122,1,S02[B122]
251539,0001_202425_bfr_allg_gy_sus_00_2022_p1,5,B122,5,S02[B122]
251539,0001_202425_bfr_allg_gy_sus_00_2022_p1,6,B122,3,S02[B122]
251539,0001_202425_bfr_allg_gy_sus_00_2022_p1,7,B122,3,S02[B122]
251539,0001_202425_bfr_allg_gy_sus_00_2022_p1,8,B122,3,S02[B122]
251539,0001_202425_bfr_allg_gy_sus_00_2022_p1,9,B122,2,S02[B122]
251539,0001_202425_bfr_allg_gy_sus_00_2022_p1,10,B122,2,S02[B122]
251539,0001_202425_bfr_allg_gy_sus_00_2022_p1,1,B331,4,S03[B331]
251539,0001_202425_bfr_allg_gy_sus_00_2022_p1,2,B331,1,S03[B331]
251539,0001_202425_bfr_allg_gy_sus_00_2022_p1,3,B331,1,S03[B331]
251539,0001_202425_bfr_allg_gy_sus_00_2022_p1,4,B331,3,S03[B331]
251539,0001_202425_bfr_allg_gy_sus_00_2022_p1,5,B331,5,S03[B331]
251539,0001_202425_bfr_allg_gy_sus_00_2022_p1,6,B331,6,S03[B331]
251539,0001_202425_bfr_allg_gy_sus_00_2022_p1,7,B331,2,S03[B331]
251539,0001_202425_bfr_allg_gy_sus_00_2022_p1,8,B331,2,S03[B331]
251539,0001_202425_bfr_allg_gy_sus_00_2022_p1,9,B331,4,S03[B331]
251539,0001_202425_bfr_allg_gy_sus_00_2022_p1,10,B331,1,S03[B331]
251539,0001_202425_bfr_allg_gy_sus_00_2022_p1,1,B321W261,4,S03[B321W261]
251539,0001_202425_bfr_allg_gy_sus_00_2022_p1,2,B321W261,2,S03[B321W261]
251539,0001_202425_bfr_allg_gy_sus_00_2022_p1,3,B321W261,3,S03[B321W261]
251539,0001_202425_bfr_allg_gy_sus_00_2022_p1,4,B321W261,3,S03[B321W261]
251539,0001_202425_bfr_allg_gy_sus_00_2022_p1,5,B321W261,3,S03[B321W261]
251539,0001_202425_bfr_allg_gy_sus_00_2022_p1,6,B321W261,2,S03[B321W261]
251539,0001_202425_bfr_allg_gy_sus_00_2022_p1,7,B321W261,4,S03[B321W261]
251539,0001_202425_bfr_allg_gy_sus_00_2022_p1,8,B321W261,3,S03[B321W261]
251539,0001_202425_bfr_allg_gy_sus_00_2022_p1,9,B321W261,1,S03[B321W261]
251539,0001_202425_bfr_allg_gy_sus_00_2022_p1,10,B321W261,1,S03[B321W261]
251539,0001_202425_bfr_allg_gy_sus_00_2022_p1,1,B332,2,S03[B332]
251539,0001_202425_bfr_allg_gy_sus_00_2022_p1,2,B332,2,S03[B332]
251539,0001_202425_bfr_allg_gy_sus_00_2022_p1,3,B332,5,S03[B332]
251539,0001_202425_bfr_allg_gy_sus_00_2022_p1,4,B332,2,S03[B332]
251539,0001_202425_bfr_allg_gy_sus_00_2022_p1,5,B332,6,S03[B332]
251539,0001_202425_bfr_allg_gy_sus_00_2022_p1,6,B332,4,S03[B332]
251539,0001_202425_bfr_allg_gy_sus_00_2022_p1,7,B332,4,S03[B332]
251539,0001_202425_bfr_allg_gy_sus_00_2022_p1,8,B332,4,S03[B332]
251539,0001_202425_bfr_allg_gy_sus_00_2022_p1,9,B332,4,S03[B332]
251539,0001_202425_bfr_allg_gy_sus_00_2022_p1,10,B332,2,S03[B332]
251539,0001_202425_bfr_allg_gy_sus_00_2022_p1,1,B111,1,S03[B111]
251539,0001_202425_bfr_allg_gy_sus_00_2022_p1,2,B111,4,S03[B111]
251539,0001_202425_bfr_allg_gy_sus_00_2022_p1,3,B111,2,S03[B111]
251539,0001_202425_bfr_allg_gy_sus_00_2022_p1,4,B111,3,S03[B111]
251539,0001_202425_bfr_allg_gy_sus_00_2022_p1,5,B111,1,S03[B111]
251539,0001_202425_bfr_allg_gy_sus_00_2022_p1,6,B111,5,S03[B111]
251539,0001_202425_bfr_allg_gy_sus_00_2022_p1,7,B111,1,S03[B111]
251539,0001_202425_bfr_allg_gy_sus_00_2022_p1,8,B111,6,S03[B111]
251539,0001_202425_bfr_allg_gy_sus_00_2022_p1,9,B111,3,S03[B111]
251539,0001_202425_bfr_allg_gy_sus_00_2022_p1,10,B111,2,S03[B111]
251539,0001_202425_bfr_allg_gy_sus_00_2022_p1,1,B113,5,S03[B113]
251539,0001_202425_bfr_allg_gy_sus_00_2022_p1,2,B113,6,S03[B113]
251539,0001_202425_bfr_allg_gy_sus_00_2022_p1,3,B113,3,S03[B113]
251539,0001_202425_bfr_allg_gy_sus_00_2022_p1,4,B113,1,S03[B113]
251539,0001_202425_bfr_allg_gy_sus_00_2022_p1,5,B113,5,S03[B113]
251539,0001_202425_bfr_allg_gy_sus_00_2022_p1,6,B113,3,S03[B113]
251539,0001_202425_bfr_allg_gy_sus_00_2022_p1,7,B113,3,S03[B113]
251539,0001_202425_bfr_allg_gy_sus_00_2022_p1,8,B113,4,S03[B113]
251539,0001_202425_bfr_allg_gy_sus_00_2022_p1,9,B113,1,S03[B113]
251539,0001_202425_bfr_allg_gy_sus_00_2022_p1,10,B113,2,S03[B113]
251539,0001_202425_bfr_allg_gy_sus_00_2022_p1,1,B112,2,S03[B112]
251539,0001_202425_bfr_allg_gy_sus_00_2022_p1,2,B112,6,S03[B112]
251539,0001_202425_bfr_allg_gy_sus_00_2022_p1,3,B112,4,S03[B112]
251539,0001_202425_bfr_allg_gy_sus_00_2022_p1,4,B112,4,S03[B112]
251539,0001_202425_bfr_allg_gy_sus_00_2022_p1,5,B112,6,S03[B112]
251539,0001_202425_bfr_allg_gy_sus_00_2022_p1,6,B112,6,S03[B112]
251539,0001_202425_bfr_allg_gy_sus_00_2022_p1,7,B112,1,S03[B112]
251539,0001_202425_bfr_allg_gy_sus_00_2022_p1,8,B112,4,S03[B112]
251539,0001_202425_bfr_allg_gy_sus_00_2022_p1,9,B112,6,S03[B112]
251539,0001_202425_bfr_allg_gy_sus_00_2022_p1,10,B112,5,S03[B112]
251539,0001_202425_bfr_allg_gy_sus_00_2022_p1,1,W2use,4,S04[W2use]
251539,0001_202425_bfr_allg_gy_sus_00_2022_p1,2,W2use,4,S04[W2use]
251539,0001_202425_bfr_allg_gy_sus_00_2022_p1,3,W2use,1,S04[W2use]
251539,0001_202425_bfr_allg_gy_sus_00_2022_p1,4,W2use,5,S04[W2use]
251539,0001_202425_bfr_allg_gy_sus_00_2022_p1,5,W2use,5,S04[W2use]
251539,0001_202425_bfr_allg_gy_sus_00_2022_p1,6,W2use,6,S04[W2use]
251539,0001_202425_bfr_allg_gy_sus_00_2022_p1,7,W2use,2,S04[W2use]
251539,0001_202425_bfr_allg_gy_sus_00_2022_p1,8,W2use,1,S04[W2use]
251539,0001_202425_bfr_allg_gy_sus_00_2022_p1,9,W2use,4,S04[W2use]
251539,0001_202425_bfr_allg_gy_sus_00_2022_p1,10,W2use,2,S04[W2use]
251539,0001_202425_bfr_allg_gy_sus_00_2022_p1,1,A635W245a,5,S05[A635W245a]
251539,0001_202425_bfr_allg_gy_sus_00_2022_p1,2,A635W245a,6,S05[A635W245a]
251539,0001_202425_bfr_allg_gy_sus_00_2022_p1,3,A635W245a,4,S05[A635W245a]
251539,0001_202425_bfr_allg_gy_sus_00_2022_p1,4,A635W245a,2,S05[A635W245a]
251539,0001_202425_bfr_allg_gy_sus_00_2022_p1,5,A635W245a,4,S05[A635W245a]
251539,0001_202425_bfr_allg_gy_sus_00_2022_p1,6,A635W245a,1,S05[A635W245a]
251539,0001_202425_bfr_allg_gy_sus_00_2022_p1,7,A635W245a,1,S05[A635W245a]
251539,0001_202425_bfr_allg_gy_sus_00_2022_p1,8,A635W245a,5,S05[A635W245a]
251539,0001_202425_bfr_allg_gy_sus_00_2022_p1,9,A635W245a,6,S05[A635W245a]
251539,0001_202425_bfr_allg_gy_sus_00_2022_p1,10,A635W245a,6,S05[A635W245a]
251539,0001_202425_bfr_allg_gy_sus_00_2022_p1,1,B324W264,4,S05[B324W264]
251539,0001_202425_bfr_allg_gy_sus_00_2022_p1,2,B324W264,6,S05[B324W264]
251539,0001_202425_bfr_allg_gy_sus_00_2022_p1,3,B324W264,3,S05[B324W264]
251539,0001_202425_bfr_allg_gy_sus_00_2022_p1,4,B324W264,3,S05[B324W264]
251539,0001_202425_bfr_allg_gy_sus_00_2022_p1,5,B324W264,4,S05[B324W264]
251539,0001_202425_bfr_allg_gy_sus_00_2022_p1,6,B324W264,5,S05[B324W264]
251539,0001_202425_bfr_allg_gy_sus_00_2022_p1,7,B324W264,1,S05[B324W264]
251539,0001_202425_bfr_allg_gy_sus_00_2022_p1,8,B324W264,1,S05[B324W264]
251539,0001_202425_bfr_allg_gy_sus_00_2022_p1,9,B324W264,3,S05[B324W264]
251539,0001_202425_bfr_allg_gy_sus_00_2022_p1,10,B324W264,4,S05[B324W264]
251539,0001_202425_bfr_allg_gy_sus_00_2022_p1,1,A423W243,1,S05[A423W243]
251539,0001_202425_bfr_allg_gy_sus_00_2022_p1,2,A423W243,1,S05[A423W243]
251539,0001_202425_bfr_allg_gy_sus_00_2022_p1,3,A423W243,2,S05[A423W243]
251539,0001_202425_bfr_allg_gy_sus_00_2022_p1,4,A423W243,4,S05[A423W243]
251539,0001_202425_bfr_allg_gy_sus_00_2022_p1,5,A423W243,3,S05[A423W243]
251539,0001_202425_bfr_allg_gy_sus_00_2022_p1,6,A423W243,4,S05[A423W243]
251539,0001_202425_bfr_allg_gy_sus_00_2022_p1,7,A423W243,4,S05[A423W243]
251539,0001_202425_bfr_allg_gy_sus_00_2022_p1,8,A423W243,2,S05[A423W243]
251539,0001_202425_bfr_allg_gy_sus_00_2022_p1,9,A423W243,1,S05[A423W243]
251539,0001_202425_bfr_allg_gy_sus_00_2022_p1,10,A423W243,4,S05[A423W243]
251539,0001_202425_bfr_allg_gy_sus_00_2022_p1,1,A635W245b,5,S05[A635W245b]
251539,0001_202425_bfr_allg_gy_sus_00_2022_p1,2,A635W245b,3,S05[A635W245b]
251539,0001_202425_bfr_allg_gy_sus_00_2022_p1,3,A635W245b,1,S05[A635W245b]
251539,0001_202425_bfr_allg_gy_sus_00_2022_p1,4,A635W245b,1,S05[A635W245b]
251539,0001_202425_bfr_allg_gy_sus_00_2022_p1,5,A635W245b,1,S05[A635W245b]
251539,0001_202425_bfr_allg_gy_sus_00_2022_p1,6,A635W245b,3,S05[A635W245b]
251539,0001_202425_bfr_allg_gy_sus_00_2022_p1,7,A635W245b,6,S05[A635W245b]
251539,0001_202425_bfr_allg_gy_sus_00_2022_p1,8,A635W245b,3,S05[A635W245b]
251539,0001_202425_bfr_allg_gy_sus_00_2022_p1,9,A635W245b,5,S05[A635W245b]
251539,0001_202425_bfr_allg_gy_sus_00_2022_p1,10,A635W245b,5,S05[A635W245b]
251539,0001_202425_bfr_allg_gy_sus_00_2022_p1,1,B322W262,2,S05[B322W262]
251539,0001_202425_bfr_allg_gy_sus_00_2022_p1,2,B322W262,4,S05[B322W262]
251539,0001_202425_bfr_allg_gy_sus_00_2022_p1,3,B322W262,3,S05[B322W262]
251539,0001_202425_bfr_allg_gy_sus_00_2022_p1,4,B322W262,3,S05[B322W262]
251539,0001_202425_bfr_allg_gy_sus_00_2022_p1,5,B322W262,5,S05[B322W262]
251539,0001_202425_bfr_allg_gy_sus_00_2022_p1,6,B322W262,6,S05[B322W262]
251539,0001_202425_bfr_allg_gy_sus_00_2022_p1,7,B322W262,2,S05[B322W262]
251539,0001_202425_bfr_allg_gy_sus_00_2022_p1,8,B322W262,2,S05[B322W262]
251539,0001_202425_bfr_allg_gy_sus_00_2022_p1,9,B322W262,4,S05[B322W262]
251539,0001_202425_bfr_allg_gy_sus_00_2022_p1,10,B322W262,2,S05[B322W262]
251539,0001_202425_bfr_allg_gy_sus_00_2022_p1,1,B323W263,3,S05[B323W263]
251539,0001_202425_bfr_allg_gy_sus_00_2022_p1,2,B323W263,3,S05[B323W263]
251539,0001_202425_bfr_allg_gy_sus_00_2022_p1,3,B323W263,3,S05[B323W263]
251539,0001_202425_bfr_allg_gy_sus_00_2022_p1,4,B323W263,5,S05[B323W263]
251539,0001_202425_bfr_allg_gy_sus_00_2022_p1,5,B323W263,4,S05[B323W263]
251539,0001_202425_bfr_allg_gy_sus_00_2022_p1,6,B323W263,4,S05[B323W263]
251539,0001_202425_bfr_allg_gy_sus_00_2022_p1,7,B323W263,4,S05[B323W263]
251539,0001_202425_bfr_allg_gy_sus_00_2022_p1,8,B323W263,1,S05[B323W263]
251539,0001_202425_bfr_allg_gy_sus_00_2022_p1,9,B323W263,6,S05[B323W263]
251539,0001_202425_bfr_allg_gy_sus_00_2022_p1,10,B323W263,6,S05[B323W263]
251539,0001_202425_bfr_allg_gy_sus_00_2022_p1,1,B325W265,3,S05[B325W265]
251539,0001_202425_bfr_allg_gy_sus_00_2022_p1,2,B325W265,3,S05[B325W265]
251539,0001_202425_bfr_allg_gy_sus_00_2022_p1,3,B325W265,5,S05[B325W265]
251539,0001_202425_bfr_allg_gy_sus_00_2022_p1,4,B325W265,6,S05[B325W265]
251539,0001_202425_bfr_allg_gy_sus_00_2022_p1,5,B325W265,5,S05[B325W265]
251539,0001_202425_bfr_allg_gy_sus_00_2022_p1,6,B325W265,2,S05[B325W265]
251539,0001_202425_bfr_allg_gy_sus_00_2022_p1,7,B325W265,5,S05[B325W265]
251539,0001_202425_bfr_allg_gy_sus_00_2022_p1,8,B325W265,2,S05[B325W265]
251539,0001_202425_bfr_allg_gy_sus_00_2022_p1,9,B325W265,2,S05[B325W265]
251539,0001_202425_bfr_allg_gy_sus_00_2022_p1,10,B325W265,4,S05[B325W265]
251539,0001_202425_bfr_allg_gy_sus_00_2022_p1,1,A324W242,2,S05[A324W242]
251539,0001_202425_bfr_allg_gy_sus_00_2022_p1,2,A324W242,4,S05[A324W242]
251539,0001_202425_bfr_allg_gy_sus_00_2022_p1,3,A324W242,6,S05[A324W242]
251539,0001_202425_bfr_allg_gy_sus_00_2022_p1,4,A324W242,4,S05[A324W242]
251539,0001_202425_bfr_allg_gy_sus_00_2022_p1,5,A324W242,4,S05[A324W242]
251539,0001_202425_bfr_allg_gy_sus_00_2022_p1,6,A324W242,5,S05[A324W242]
251539,0001_202425_bfr_allg_gy_sus_00_2022_p1,7,A324W242,3,S05[A324W242]
251539,0001_202425_bfr_allg_gy_sus_00_2022_p1,8,A324W242,4,S05[A324W242]
251539,0001_202425_bfr_allg_gy_sus_00_2022_p1,9,A324W242,4,S05[A324W242]
251539,0001_202425_bfr_allg_gy_sus_00_2022_p1,10,A324W242,6,S05[A324W242]
251539,0001_202425_bfr_allg_gy_sus_00_2022_p1,1,B211A,5,S06[B211A]
251539,0001_202425_bfr_allg_gy_sus_00_2022_p1,2,B211A,6,S06[B211A]
251539,0001_202425_bfr_allg_gy_sus_00_2022_p1,3,B211A,6,S06[B211A]
251539,0001_202425_bfr_allg_gy_sus_00_2022_p1,4,B211A,3,S06[B211A]
251539,0001_202425_bfr_allg_gy_sus_00_2022_p1,5,B211A,1,S06[B211A]
251539,0001_202425_bfr_allg_gy_sus_00_2022_p1,6,B211A,2,S06[B211A]
251539,0001_202425_bfr_allg_gy_sus_00_2022_p1,7,B211A,5,S06[B211A]
251539,0001_202425_bfr_allg_gy_sus_00_2022_p1,8,B211A,6,S06[B211A]
251539,0001_202425_bfr_allg_gy_sus_00_2022_p1,9,B211A,6,S06[B211A]
251539,0001_202425_bfr_allg_gy_sus_00_2022_p1,10,B211A,3,S06[B211A]
251539,0001_202425_bfr_allg_gy_sus_00_2022_p1,1,B211B,5,S06[B211B]
251539,0001_202425_bfr_allg_gy_sus_00_2022_p1,2,B211B,2,S06[B211B]
251539,0001_202425_bfr_allg_gy_sus_00_2022_p1,3,B211B,3,S06[B211B]
251539,0001_202425_bfr_allg_gy_sus_00_2022_p1,4,B211B,2,S06[B211B]
251539,0001_202425_bfr_allg_gy_sus_00_2022_p1,5,B211B,4,S06[B211B]
251539,0001_202425_bfr_allg_gy_sus_00_2022_p1,6,B211B,5,S06[B211B]
251539,0001_202425_bfr_allg_gy_sus_00_2022_p1,7,B211B,6,S06[B211B]
251539,0001_202425_bfr_allg_gy_sus_00_2022_p1,8,B211B,5,S06[B211B]
251539,0001_202425_bfr_allg_gy_sus_00_2022_p1,9,B211B,6,S06[B211B]
251539,0001_202425_bfr_allg_gy_sus_00_2022_p1,10,B211B,6,S06[B211B]
251539,0001_202425_bfr_allg_gy_sus_00_2022_p1,1,B212,6,S06[B212]
251539,0001_202425_bfr_allg_gy_sus_00_2022_p1,2,B212,3,S06[B212]
251539,0001_202425_bfr_allg_gy_sus_00_2022_p1,3,B212,6,S06[B212]
251539,0001_202425_bfr_allg_gy_sus_00_2022_p1,4,B212,2,S06[B212]
251539,0001_202425_bfr_allg_gy_sus_00_2022_p1,5,B212,3,S06[B212]
251539,0001_202425_bfr_allg_gy_sus_00_2022_p1,6,B212,5,S06[B212]
251539,0001_202425_bfr_allg_gy_sus_00_2022_p1,7,B212,1,S06[B212]
251539,0001_202425_bfr_allg_gy_sus_00_2022_p1,8,B212,2,S06[B212]
251539,0001_202425_bfr_allg_gy_sus_00_2022_p1,9,B212,6,S06[B212]
251539,0001_202425_bfr_allg_gy_sus_00_2022_p1,10,B212,2,S06[B212]
251539,0001_202425_bfr_allg_gy_sus_00_2022_p1,1,B223a,6,S07[B223a]
251539,0001_202425_bfr_allg_gy_sus_00_2022_p1,2,B223a,3,S07[B223a]
251539,0001_202425_bfr_allg_gy_sus_00_2022_p1,3,B223a,6,S07[B223a]
251539,0001_202425_bfr_allg_gy_sus_00_2022_p1,4,B223a,1,S07[B223a]
251539,0001_202425_bfr_allg_gy_sus_00_2022_p1,5,B223a,6,S07[B223a]
251539,0001_202425_bfr_allg_gy_sus_00_2022_p1,6,B223a,4,S07[B223a]
251539,0001_202425_bfr_allg_gy_sus_00_2022_p1,7,B223a,1,S07[B223a]
251539,0001_202425_bfr_allg_gy_sus_00_2022_p1,8,B223a,5,S07[B223a]
251539,0001_202425_bfr_allg_gy_sus_00_2022_p1,9,B223a,3,S07[B223a]
251539,0001_202425_bfr_allg_gy_sus_00_2022_p1,10,B223a,3,S07[B223a]
251539,0001_202425_bfr_allg_gy_sus_00_2022_p1,1,B223b,1,S07[B223b]
251539,0001_202425_bfr_allg_gy_sus_00_2022_p1,2,B223b,5,S07[B223b]
251539,0001_202425_bfr_allg_gy_sus_00_2022_p1,3,B223b,4,S07[B223b]
251539,0001_202425_bfr_allg_gy_sus_00_2022_p1,4,B223b,5,S07[B223b]
251539,0001_202425_bfr_allg_gy_sus_00_2022_p1,5,B223b,1,S07[B223b]
251539,0001_202425_bfr_allg_gy_sus_00_2022_p1,6,B223b,6,S07[B223b]
251539,0001_202425_bfr_allg_gy_sus_00_2022_p1,7,B223b,4,S07[B223b]
251539,0001_202425_bfr_allg_gy_sus_00_2022_p1,8,B223b,3,S07[B223b]
251539,0001_202425_bfr_allg_gy_sus_00_2022_p1,9,B223b,6,S07[B223b]
251539,0001_202425_bfr_allg_gy_sus_00_2022_p1,10,B223b,6,S07[B223b]
251539,0001_202425_bfr_allg_gy_sus_00_2022_p1,1,B223c,2,S07[B223c]
251539,0001_202425_bfr_allg_gy_sus_00_2022_p1,2,B223c,3,S07[B223c]
251539,0001_202425_bfr_allg_gy_sus_00_2022_p1,3,B223c,5,S07[B223c]
251539,0001_202425_bfr_allg_gy_sus_00_2022_p1,4,B223c,1,S07[B223c]
251539,0001_202425_bfr_allg_gy_sus_00_2022_p1,5,B223c,6,S07[B223c]
251539,0001_202425_bfr_allg_gy_sus_00_2022_p1,6,B223c,4,S07[B223c]
251539,0001_202425_bfr_allg_gy_sus_00_2022_p1,7,B223c,5,S07[B223c]
251539,0001_202425_bfr_allg_gy_sus_00_2022_p1,8,B223c,5,S07[B223c]
251539,0001_202425_bfr_allg_gy_sus_00_2022_p1,9,B223c,4,S07[B223c]
251539,0001_202425_bfr_allg_gy_sus_00_2022_p1,10,B223c,1,S07[B223c]
251539,0001_202425_bfr_allg_gy_sus_00_2022_p1,1,B223d,5,S07[B223d]
251539,0001_202425_bfr_allg_gy_sus_00_2022_p1,2,B223d,4,S07[B223d]
251539,0001_202425_bfr_allg_gy_sus_00_2022_p1,3,B223d,5,S07[B223d]
251539,0001_202425_bfr_allg_gy_sus_00_2022_p1,4,B223d,5,S07[B223d]
251539,0001_202425_bfr_allg_gy_sus_00_2022_p1,5,B223d,1,S07[B223d]
251539,0001_202425_bfr_allg_gy_sus_00_2022_p1,6,B223d,5,S07[B223d]
251539,0001_202425_bfr_allg_gy_sus_00_2022_p1,7,B223d,6,S07[B223d]
251539,0001_202425_bfr_allg_gy_sus_00_2022_p1,8,B223d,6,S07[B223d]
251539,0001_202425_bfr_allg_gy_sus_00_2022_p1,9,B223d,5,S07[B223d]
251539,0001_202425_bfr_allg_gy_sus_00_2022_p1,10,B223d,5,S07[B223d]
251539,0001_202425_bfr_allg_gy_sus_00_2022_p1,1,,Hallo Welt,S09
251539,0001_202425_bfr_allg_gy_sus_00_2022_p1,2,,Hallo Welt,S09
251539,0001_202425_bfr_allg_gy_sus_00_2022_p1,3,,Hallo Welt,S09
251539,0001_202425_bfr_allg_gy_sus_00_2022_p1,4,,Hallo Welt,S09
251539,0001_202425_bfr_allg_gy_sus_00_2022_p1,5,,Hallo Welt,S09
251539,0001_202425_bfr_allg_gy_sus_00_2022_p1,6,,Hallo Welt,S09
251539,0001_202425_bfr_allg_gy_sus_00_2022_p1,7,,Hallo Welt,S09
251539,0001_202425_bfr_allg_gy_sus_00_2022_p1,8,,Hallo Welt,S09
251539,0001_202425_bfr_allg_gy_sus_00_2022_p1,9,,Hallo Welt,S09
251539,0001_202425_bfr_allg_gy_sus_00_2022_p1,10,,Hallo Welt,S09
251539,0001_202425_bfr_allg_gy_sus_00_2022_p1,1,A111A,1,S10[A111A]
251539,0001_202425_bfr_allg_gy_sus_00_2022_p1,2,A111A,6,S10[A111A]
251539,0001_202425_bfr_allg_gy_sus_00_2022_p1,3,A111A,4,S10[A111A]
251539,0001_202425_bfr_allg_gy_sus_00_2022_p1,4,A111A,2,S10[A111A]
251539,0001_202425_bfr_allg_gy_sus_00_2022_p1,5,A111A,3,S10[A111A]
251539,0001_202425_bfr_allg_gy_sus_00_2022_p1,6,A111A,5,S10[A111A]
251539,0001_202425_bfr_allg_gy_sus_00_2022_p1,7,A111A,2,S10[A111A]
251539,0001_202425_bfr_allg_gy_sus_00_2022_p1,8,A111A,6,S10[A111A]
251539,0001_202425_bfr_allg_gy_sus_00_2022_p1,9,A111A,4,S10[A111A]
251539,0001_202425_bfr_allg_gy_sus_00_2022_p1,10,A111A,3,S10[A111A]
251539,0001_202425_bfr_allg_gy_sus_00_2022_p1,1,A111B,6,S10[A111B]
251539,0001_202425_bfr_allg_gy_sus_00_2022_p1,2,A111B,2,S10[A111B]
251539,0001_202425_bfr_allg_gy_sus_00_2022_p1,3,A111B,3,S10[A111B]
251539,0001_202425_bfr_allg_gy_sus_00_2022_p1,4,A111B,3,S10[A111B]
251539,0001_202425_bfr_allg_gy_sus_00_2022_p1,5,A111B,1,S10[A111B]
251539,0001_202425_bfr_allg_gy_sus_00_2022_p1,6,A111B,3,S10[A111B]
251539,0001_202425_bfr_allg_gy_sus_00_2022_p1,7,A111B,6,S10[A111B]
251539,0001_202425_bfr_allg_gy_sus_00_2022_p1,8,A111B,6,S10[A111B]
251539,0001_202425_bfr_allg_gy_sus_00_2022_p1,9,A111B,6,S10[A111B]
251539,0001_202425_bfr_allg_gy_sus_00_2022_p1,10,A111B,3,S10[A111B]
251539,0001_202425_bfr_allg_gy_sus_00_2022_p1,1,A111C,1,S10[A111C]
251539,0001_202425_bfr_allg_gy_sus_00_2022_p1,2,A111C,2,S10[A111C]
251539,0001_202425_bfr_allg_gy_sus_00_2022_p1,3,A111C,4,S10[A111C]
251539,0001_202425_bfr_allg_gy_sus_00_2022_p1,4,A111C,3,S10[A111C]
251539,0001_202425_bfr_allg_gy_sus_00_2022_p1,5,A111C,6,S10[A111C]
251539,0001_202425_bfr_allg_gy_sus_00_2022_p1,6,A111C,3,S10[A111C]
251539,0001_202425_bfr_allg_gy_sus_00_2022_p1,7,A111C,2,S10[A111C]
251539,0001_202425_bfr_allg_gy_sus_00_2022_p1,8,A111C,3,S10[A111C]
251539,0001_202425_bfr_allg_gy_sus_00_2022_p1,9,A111C,6,S10[A111C]
251539,0001_202425_bfr_allg_gy_sus_00_2022_p1,10,A111C,1,S10[A111C]
251539,0001_202425_bfr_allg_gy_sus_00_2022_p1,1,A111D,4,S10[A111D]
251539,0001_202425_bfr_allg_gy_sus_00_2022_p1,2,A111D,1,S10[A111D]
251539,0001_202425_bfr_allg_gy_sus_00_2022_p1,3,A111D,1,S10[A111D]
251539,0001_202425_bfr_allg_gy_sus_00_2022_p1,4,A111D,2,S10[A111D]
251539,0001_202425_bfr_allg_gy_sus_00_2022_p1,5,A111D,2,S10[A111D]
251539,0001_202425_bfr_allg_gy_sus_00_2022_p1,6,A111D,3,S10[A111D]
251539,0001_202425_bfr_allg_gy_sus_00_2022_p1,7,A111D,4,S10[A111D]
251539,0001_202425_bfr_allg_gy_sus_00_2022_p1,8,A111D,2,S10[A111D]
251539,0001_202425_bfr_allg_gy_sus_00_2022_p1,9,A111D,1,S10[A111D]
251539,0001_202425_bfr_allg_gy_sus_00_2022_p1,10,A111D,3,S10[A111D]
251539,0001_202425_bfr_allg_gy_sus_00_2022_p1,1,A122,2,S10[A122]
251539,0001_202425_bfr_allg_gy_sus_00_2022_p1,2,A122,6,S10[A122]
251539,0001_202425_bfr_allg_gy_sus_00_2022_p1,3,A122,3,S10[A122]
251539,0001_202425_bfr_allg_gy_sus_00_2022_p1,4,A122,3,S10[A122]
251539,0001_202425_bfr_allg_gy_sus_00_2022_p1,5,A122,5,S10[A122]
251539,0001_202425_bfr_allg_gy_sus_00_2022_p1,6,A122,4,S10[A122]
251539,0001_202425_bfr_allg_gy_sus_00_2022_p1,7,A122,2,S10[A122]
251539,0001_202425_bfr_allg_gy_sus_00_2022_p1,8,A122,4,S10[A122]
251539,0001_202425_bfr_allg_gy_sus_00_2022_p1,9,A122,1,S10[A122]
251539,0001_202425_bfr_allg_gy_sus_00_2022_p1,10,A122,2,S10[A122]
251539,0001_202425_bfr_allg_gy_sus_00_2022_p1,1,A123A,3,S10[A123A]
251539,0001_202425_bfr_allg_gy_sus_00_2022_p1,2,A123A,1,S10[A123A]
251539,0001_202425_bfr_allg_gy_sus_00_2022_p1,3,A123A,3,S10[A123A]
251539,0001_202425_bfr_allg_gy_sus_00_2022_p1,4,A123A,6,S10[A123A]
251539,0001_202425_bfr_allg_gy_sus_00_2022_p1,5,A123A,6,S10[A123A]
251539,0001_202425_bfr_allg_gy_sus_00_2022_p1,6,A123A,3,S10[A123A]
251539,0001_202425_bfr_allg_gy_sus_00_2022_p1,7,A123A,1,S10[A123A]
251539,0001_202425_bfr_allg_gy_sus_00_2022_p1,8,A123A,6,S10[A123A]
251539,0001_202425_bfr_allg_gy_sus_00_2022_p1,9,A123A,4,S10[A123A]
251539,0001_202425_bfr_allg_gy_sus_00_2022_p1,10,A123A,3,S10[A123A]
251539,0001_202425_bfr_allg_gy_sus_00_2022_p1,1,A123B,5,S10[A123B]
251539,0001_202425_bfr_allg_gy_sus_00_2022_p1,2,A123B,4,S10[A123B]
251539,0001_202425_bfr_allg_gy_sus_00_2022_p1,3,A123B,6,S10[A123B]
251539,0001_202425_bfr_allg_gy_sus_00_2022_p1,4,A123B,4,S10[A123B]
251539,0001_202425_bfr_allg_gy_sus_00_2022_p1,5,A123B,3,S10[A123B]
251539,0001_202425_bfr_allg_gy_sus_00_2022_p1,6,A123B,3,S10[A123B]
251539,0001_202425_bfr_allg_gy_sus_00_2022_p1,7,A123B,5,S10[A123B]
251539,0001_202425_bfr_allg_gy_sus_00_2022_p1,8,A123B,6,S10[A123B]
251539,0001_202425_bfr_allg_gy_sus_00_2022_p1,9,A123B,4,S10[A123B]
251539,0001_202425_bfr_allg_gy_sus_00_2022_p1,10,A123B,6,S10[A123B]
251539,0001_202425_bfr_allg_gy_sus_00_2022_p1,1,A321A,5,S10[A321A]
251539,0001_202425_bfr_allg_gy_sus_00_2022_p1,2,A321A,5,S10[A321A]
251539,0001_202425_bfr_allg_gy_sus_00_2022_p1,3,A321A,2,S10[A321A]
251539,0001_202425_bfr_allg_gy_sus_00_2022_p1,4,A321A,2,S10[A321A]
251539,0001_202425_bfr_allg_gy_sus_00_2022_p1,5,A321A,3,S10[A321A]
251539,0001_202425_bfr_allg_gy_sus_00_2022_p1,6,A321A,1,S10[A321A]
251539,0001_202425_bfr_allg_gy_sus_00_2022_p1,7,A321A,4,S10[A321A]
251539,0001_202425_bfr_allg_gy_sus_00_2022_p1,8,A321A,4,S10[A321A]
251539,0001_202425_bfr_allg_gy_sus_00_2022_p1,9,A321A,5,S10[A321A]
251539,0001_202425_bfr_allg_gy_sus_00_2022_p1,10,A321A,1,S10[A321A]
251539,0001_202425_bfr_allg_gy_sus_00_2022_p1,1,A131W121,4,S11[A131W121]
251539,0001_202425_bfr_allg_gy_sus_00_2022_p1,2,A131W121,1,S11[A131W121]
251539,0001_202425_bfr_allg_gy_sus_00_2022_p1,3,A131W121,5,S11[A131W121]
251539,0001_202425_bfr_allg_gy_sus_00_2022_p1,4,A131W121,1,S11[A131W121]
251539,0001_202425_bfr_allg_gy_sus_00_2022_p1,5,A131W121,4,S11[A131W121]
251539,0001_202425_bfr_allg_gy_sus_00_2022_p1,6,A131W121,2,S11[A131W121]
251539,0001_202425_bfr_allg_gy_sus_00_2022_p1,7,A131W121,5,S11[A131W121]
251539,0001_202425_bfr_allg_gy_sus_00_2022_p1,8,A131W121,1,S11[A131W121]
251539,0001_202425_bfr_allg_gy_sus_00_2022_p1,9,A131W121,4,S11[A131W121]
251539,0001_202425_bfr_allg_gy_sus_00_2022_p1,10,A131W121,1,S11[A131W121]
251539,0001_202425_bfr_allg_gy_sus_00_2022_p1,1,A134W122,1,S11[A134W122]
251539,0001_202425_bfr_allg_gy_sus_00_2022_p1,2,A134W122,5,S11[A134W122]
251539,0001_202425_bfr_allg_gy_sus_00_2022_p1,3,A134W122,5,S11[A134W122]
251539,0001_202425_bfr_allg_gy_sus_00_2022_p1,4,A134W122,6,S11[A134W122]
251539,0001_202425_bfr_allg_gy_sus_00_2022_p1,5,A134W122,1,S11[A134W122]
251539,0001_202425_bfr_allg_gy_sus_00_2022_p1,6,A134W122,3,S11[A134W122]
251539,0001_202425_bfr_allg_gy_sus_00_2022_p1,7,A134W122,1,S11[A134W122]
251539,0001_202425_bfr_allg_gy_sus_00_2022_p1,8,A134W122,3,S11[A134W122]
251539,0001_202425_bfr_allg_gy_sus_00_2022_p1,9,A134W122,6,S11[A134W122]
251539,0001_202425_bfr_allg_gy_sus_00_2022_p1,10,A134W122,2,S11[A134W122]
251539,0001_202425_bfr_allg_gy_sus_00_2022_p1,1,A133A,1,S11[A133A]
251539,0001_202425_bfr_allg_gy_sus_00_2022_p1,2,A133A,4,S11[A133A]
251539,0001_202425_bfr_allg_gy_sus_00_2022_p1,3,A133A,5,S11[A133A]
251539,0001_202425_bfr_allg_gy_sus_00_2022_p1,4,A133A,1,S11[A133A]
251539,0001_202425_bfr_allg_gy_sus_00_2022_p1,5,A133A,4,S11[A133A]
251539,0001_202425_bfr_allg_gy_sus_00_2022_p1,6,A133A,1,S11[A133A]
251539,0001_202425_bfr_allg_gy_sus_00_2022_p1,7,A133A,4,S11[A133A]
251539,0001_202425_bfr_allg_gy_sus_00_2022_p1,8,A133A,5,S11[A133A]
251539,0001_202425_bfr_allg_gy_sus_00_2022_p1,9,A133A,1,S11[A133A]
251539,0001_202425_bfr_allg_gy_sus_00_2022_p1,10,A133A,2,S11[A133A]
251539,0001_202425_bfr_allg_gy_sus_00_2022_p1,1,A133B,1,S11[A133B]
251539,0001_202425_bfr_allg_gy_sus_00_2022_p1,2,A133B,5,S11[A133B]
251539,0001_202425_bfr_allg_gy_sus_00_2022_p1,3,A133B,1,S11[A133B]
251539,0001_202425_bfr_allg_gy_sus_00_2022_p1,4,A133B,5,S11[A133B]
251539,0001_202425_bfr_allg_gy_sus_00_2022_p1,5,A133B,4,S11[A133B]
251539,0001_202425_bfr_allg_gy_sus_00_2022_p1,6,A133B,4,S11[A133B]
251539,0001_202425_bfr_allg_gy_sus_00_2022_p1,7,A133B,1,S11[A133B]
251539,0001_202425_bfr_allg_gy_sus_00_2022_p1,8,A133B,5,S11[A133B]
251539,0001_202425_bfr_allg_gy_sus_00_2022_p1,9,A133B,6,S11[A133B]
251539,0001_202425_bfr_allg_gy_sus_00_2022_p1,10,A133B,1,S11[A133B]
251539,0001_202425_bfr_allg_gy_sus_00_2022_p1,1,A432,5,S11[A432]
251539,0001_202425_bfr_allg_gy_sus_00_2022_p1,2,A432,4,S11[A432]
251539,0001_202425_bfr_allg_gy_sus_00_2022_p1,3,A432,5,S11[A432]
251539,0001_202425_bfr_allg_gy_sus_00_2022_p1,4,A432,1,S11[A432]
251539,0001_202425_bfr_allg_gy_sus_00_2022_p1,5,A432,4,S11[A432]
251539,0001_202425_bfr_allg_gy_sus_00_2022_p1,6,A432,1,S11[A432]
251539,0001_202425_bfr_allg_gy_sus_00_2022_p1,7,A432,6,S11[A432]
251539,0001_202425_bfr_allg_gy_sus_00_2022_p1,8,A432,3,S11[A432]
251539,0001_202425_bfr_allg_gy_sus_00_2022_p1,9,A432,3,S11[A432]
251539,0001_202425_bfr_allg_gy_sus_00_2022_p1,10,A432,1,S11[A432]
251539,0001_202425_bfr_allg_gy_sus_00_2022_p1,1,A431,3,S11[A431]
251539,0001_202425_bfr_allg_gy_sus_00_2022_p1,2,A431,5,S11[A431]
251539,0001_202425_bfr_allg_gy_sus_00_2022_p1,3,A431,5,S11[A431]
251539,0001_202425_bfr_allg_gy_sus_00_2022_p1,4,A431,1,S11[A431]
251539,0001_202425_bfr_allg_gy_sus_00_2022_p1,5,A431,4,S11[A431]
251539,0001_202425_bfr_allg_gy_sus_00_2022_p1,6,A431,2,S11[A431]
251539,0001_202425_bfr_allg_gy_sus_00_2022_p1,7,A431,2,S11[A431]
251539,0001_202425_bfr_allg_gy_sus_00_2022_p1,8,A431,6,S11[A431]
251539,0001_202425_bfr_allg_gy_sus_00_2022_p1,9,A431,4,S11[A431]
251539,0001_202425_bfr_allg_gy_sus_00_2022_p1,10,A431,4,S11[A431]
251539,0001_202425_bfr_allg_gy_sus_00_2022_p1,1,A522W145,3,S11[A522W145]
251539,0001_202425_bfr_allg_gy_sus_00_2022_p1,2,A522W145,4,S11[A522W145]
251539,0001_202425_bfr_allg_gy_sus_00_2022_p1,3,A522W145,5,S11[A522W145]
251539,0001_202425_bfr_allg_gy_sus_00_2022_p1,4,A522W145,6,S11[A522W145]
251539,0001_202425_bfr_allg_gy_sus_00_2022_p1,5,A522W145,2,S11[A522W145]
251539,0001_202425_bfr_allg_gy_sus_00_2022_p1,6,A522W145,4,S11[A522W145]
251539,0001_202425_bfr_allg_gy_sus_00_2022_p1,7,A522W145,3,S11[A522W145]
251539,0001_202425_bfr_allg_gy_sus_00_2022_p1,8,A522W145,1,S11[A522W145]
251539,0001_202425_bfr_allg_gy_sus_00_2022_p1,9,A522W145,6,S11[A522W145]
251539,0001_202425_bfr_allg_gy_sus_00_2022_p1,10,A522W145,6,S11[A522W145]
251539,0001_202425_bfr_allg_gy_sus_00_2022_p1,1,A641,6,S11[A641]
251539,0001_202425_bfr_allg_gy_sus_00_2022_p1,2,A641,1,S11[A641]
251539,0001_202425_bfr_allg_gy_sus_00_2022_p1,3,A641,2,S11[A641]
251539,0001_202425_bfr_allg_gy_sus_00_2022_p1,4,A641,6,S11[A641]
251539,0001_202425_bfr_allg_gy_sus_00_2022_p1,5,A641,5,S11[A641]
251539,0001_202425_bfr_allg_gy_sus_00_2022_p1,6,A641,4,S11[A641]
251539,0001_202425_bfr_allg_gy_sus_00_2022_p1,7,A641,5,S11[A641]
251539,0001_202425_bfr_allg_gy_sus_00_2022_p1,8,A641,4,S11[A641]
251539,0001_202425_bfr_allg_gy_sus_00_2022_p1,9,A641,5,S11[A641]
251539,0001_202425_bfr_allg_gy_sus_00_2022_p1,10,A641,6,S11[A641]
251539,0001_202425_bfr_allg_gy_sus_00_2022_p1,1,A526W255A,2,S11[A526W255A]
251539,0001_202425_bfr_allg_gy_sus_00_2022_p1,2,A526W255A,6,S11[A526W255A]
251539,0001_202425_bfr_allg_gy_sus_00_2022_p1,3,A526W255A,3,S11[A526W255A]
251539,0001_202425_bfr_allg_gy_sus_00_2022_p1,4,A526W255A,3,S11[A526W255A]
251539,0001_202425_bfr_allg_gy_sus_00_2022_p1,5,A526W255A,2,S11[A526W255A]
251539,0001_202425_bfr_allg_gy_sus_00_2022_p1,6,A526W255A,6,S11[A526W255A]
251539,0001_202425_bfr_allg_gy_sus_00_2022_p1,7,A526W255A,5,S11[A526W255A]
251539,0001_202425_bfr_allg_gy_sus_00_2022_p1,8,A526W255A,4,S11[A526W255A]
251539,0001_202425_bfr_allg_gy_sus_00_2022_p1,9,A526W255A,4,S11[A526W255A]
251539,0001_202425_bfr_allg_gy_sus_00_2022_p1,10,A526W255A,3,S11[A526W255A]
251539,0001_202425_bfr_allg_gy_sus_00_2022_p1,1,A526W255B,3,S11[A526W255B]
251539,0001_202425_bfr_allg_gy_sus_00_2022_p1,2,A526W255B,2,S11[A526W255B]
251539,0001_202425_bfr_allg_gy_sus_00_2022_p1,3,A526W255B,1,S11[A526W255B]
251539,0001_202425_bfr_allg_gy_sus_00_2022_p1,4,A526W255B,3,S11[A526W255B]
251539,0001_202425_bfr_allg_gy_sus_00_2022_p1,5,A526W255B,4,S11[A526W255B]
251539,0001_202425_bfr_allg_gy_sus_00_2022_p1,6,A526W255B,1,S11[A526W255B]
251539,0001_202425_bfr_allg_gy_sus_00_2022_p1,7,A526W255B,3,S11[A526W255B]
251539,0001_202425_bfr_allg_gy_sus_00_2022_p1,8,A526W255B,6,S11[A526W255B]
251539,0001_202425_bfr_allg_gy_sus_00_2022_p1,9,A526W255B,4,S11[A526W255B]
251539,0001_202425_bfr_allg_gy_sus_00_2022_p1,10,A526W255B,1,S11[A526W255B]
251539,0001_202425_bfr_allg_gy_sus_00_2022_p1,1,A211A,4,S12[A211A]
251539,0001_202425_bfr_allg_gy_sus_00_2022_p1,2,A211A,2,S12[A211A]
251539,0001_202425_bfr_allg_gy_sus_00_2022_p1,3,A211A,2,S12[A211A]
251539,0001_202425_bfr_allg_gy_sus_00_2022_p1,4,A211A,5,S12[A211A]
251539,0001_202425_bfr_allg_gy_sus_00_2022_p1,5,A211A,3,S12[A211A]
251539,0001_202425_bfr_allg_gy_sus_00_2022_p1,6,A211A,2,S12[A211A]
251539,0001_202425_bfr_allg_gy_sus_00_2022_p1,7,A211A,5,S12[A211A]
251539,0001_202425_bfr_allg_gy_sus_00_2022_p1,8,A211A,1,S12[A211A]
251539,0001_202425_bfr_allg_gy_sus_00_2022_p1,9,A211A,4,S12[A211A]
251539,0001_202425_bfr_allg_gy_sus_00_2022_p1,10,A211A,1,S12[A211A]
251539,0001_202425_bfr_allg_gy_sus_00_2022_p1,1,A211B,1,S12[A211B]
251539,0001_202425_bfr_allg_gy_sus_00_2022_p1,2,A211B,1,S12[A211B]
251539,0001_202425_bfr_allg_gy_sus_00_2022_p1,3,A211B,5,S12[A211B]
251539,0001_202425_bfr_allg_gy_sus_00_2022_p1,4,A211B,1,S12[A211B]
251539,0001_202425_bfr_allg_gy_sus_00_2022_p1,5,A211B,4,S12[A211B]
251539,0001_202425_bfr_allg_gy_sus_00_2022_p1,6,A211B,4,S12[A211B]
251539,0001_202425_bfr_allg_gy_sus_00_2022_p1,7,A211B,1,S12[A211B]
251539,0001_202425_bfr_allg_gy_sus_00_2022_p1,8,A211B,1,S12[A211B]
251539,0001_202425_bfr_allg_gy_sus_00_2022_p1,9,A211B,4,S12[A211B]
251539,0001_202425_bfr_allg_gy_sus_00_2022_p1,10,A211B,3,S12[A211B]
251539,0001_202425_bfr_allg_gy_sus_00_2022_p1,1,A213,5,S12[A213]
251539,0001_202425_bfr_allg_gy_sus_00_2022_p1,2,A213,3,S12[A213]
251539,0001_202425_bfr_allg_gy_sus_00_2022_p1,3,A213,1,S12[A213]
251539,0001_202425_bfr_allg_gy_sus_00_2022_p1,4,A213,6,S12[A213]
251539,0001_202425_bfr_allg_gy_sus_00_2022_p1,5,A213,4,S12[A213]
251539,0001_202425_bfr_allg_gy_sus_00_2022_p1,6,A213,3,S12[A213]
251539,0001_202425_bfr_allg_gy_sus_00_2022_p1,7,A213,3,S12[A213]
251539,0001_202425_bfr_allg_gy_sus_00_2022_p1,8,A213,3,S12[A213]
251539,0001_202425_bfr_allg_gy_sus_00_2022_p1,9,A213,1,S12[A213]
251539,0001_202425_bfr_allg_gy_sus_00_2022_p1,10,A213,3,S12[A213]
251539,0001_202425_bfr_allg_gy_sus_00_2022_p1,1,A221A,4,S12[A221A]
251539,0001_202425_bfr_allg_gy_sus_00_2022_p1,2,A221A,5,S12[A221A]
251539,0001_202425_bfr_allg_gy_sus_00_2022_p1,3,A221A,3,S12[A221A]
251539,0001_202425_bfr_allg_gy_sus_00_2022_p1,4,A221A,5,S12[A221A]
251539,0001_202425_bfr_allg_gy_sus_00_2022_p1,5,A221A,2,S12[A221A]
251539,0001_202425_bfr_allg_gy_sus_00_2022_p1,6,A221A,5,S12[A221A]
251539,0001_202425_bfr_allg_gy_sus_00_2022_p1,7,A221A,1,S12[A221A]
251539,0001_202425_bfr_allg_gy_sus_00_2022_p1,8,A221A,2,S12[A221A]
251539,0001_202425_bfr_allg_gy_sus_00_2022_p1,9,A221A,6,S12[A221A]
251539,0001_202425_bfr_allg_gy_sus_00_2022_p1,10,A221A,3,S12[A221A]
251539,0001_202425_bfr_allg_gy_sus_00_2022_p1,1,A221B,6,S12[A221B]
251539,0001_202425_bfr_allg_gy_sus_00_2022_p1,2,A221B,3,S12[A221B]
251539,0001_202425_bfr_allg_gy_sus_00_2022_p1,3,A221B,1,S12[A221B]
251539,0001_202425_bfr_allg_gy_sus_00_2022_p1,4,A221B,6,S12[A221B]
251539,0001_202425_bfr_allg_gy_sus_00_2022_p1,5,A221B,2,S12[A221B]
251539,0001_202425_bfr_allg_gy_sus_00_2022_p1,6,A221B,3,S12[A221B]
251539,0001_202425_bfr_allg_gy_sus_00_2022_p1,7,A221B,4,S12[A221B]
251539,0001_202425_bfr_allg_gy_sus_00_2022_p1,8,A221B,5,S12[A221B]
251539,0001_202425_bfr_allg_gy_sus_00_2022_p1,9,A221B,2,S12[A221B]
251539,0001_202425_bfr_allg_gy_sus_00_2022_p1,10,A221B,6,S12[A221B]
251539,0001_202425_bfr_allg_gy_sus_00_2022_p1,1,A644,3,S12[A644]
251539,0001_202425_bfr_allg_gy_sus_00_2022_p1,2,A644,6,S12[A644]
251539,0001_202425_bfr_allg_gy_sus_00_2022_p1,3,A644,4,S12[A644]
251539,0001_202425_bfr_allg_gy_sus_00_2022_p1,4,A644,4,S12[A644]
251539,0001_202425_bfr_allg_gy_sus_00_2022_p1,5,A644,2,S12[A644]
251539,0001_202425_bfr_allg_gy_sus_00_2022_p1,6,A644,2,S12[A644]
251539,0001_202425_bfr_allg_gy_sus_00_2022_p1,7,A644,3,S12[A644]
251539,0001_202425_bfr_allg_gy_sus_00_2022_p1,8,A644,1,S12[A644]
251539,0001_202425_bfr_allg_gy_sus_00_2022_p1,9,A644,5,S12[A644]
251539,0001_202425_bfr_allg_gy_sus_00_2022_p1,10,A644,2,S12[A644]
251539,0001_202425_bfr_allg_gy_sus_00_2022_p1,1,A611,2,S13[A611]
251539,0001_202425_bfr_allg_gy_sus_00_2022_p1,2,A611,6,S13[A611]
251539,0001_202425_bfr_allg_gy_sus_00_2022_p1,3,A611,3,S13[A611]
251539,0001_202425_bfr_allg_gy_sus_00_2022_p1,4,A611,6,S13[A611]
251539,0001_202425_bfr_allg_gy_sus_00_2022_p1,5,A611,5,S13[A611]
251539,0001_202425_bfr_allg_gy_sus_00_2022_p1,6,A611,3,S13[A611]
251539,0001_202425_bfr_allg_gy_sus_00_2022_p1,7,A611,6,S13[A611]
251539,0001_202425_bfr_allg_gy_sus_00_2022_p1,8,A611,1,S13[A611]
251539,0001_202425_bfr_allg_gy_sus_00_2022_p1,9,A611,2,S13[A611]
251539,0001_202425_bfr_allg_gy_sus_00_2022_p1,10,A611,3,S13[A611]
251539,0001_202425_bfr_allg_gy_sus_00_2022_p1,1,A422,4,S13[A422]
251539,0001_202425_bfr_allg_gy_sus_00_2022_p1,2,A422,3,S13[A422]
251539,0001_202425_bfr_allg_gy_sus_00_2022_p1,3,A422,2,S13[A422]
251539,0001_202425_bfr_allg_gy_sus_00_2022_p1,4,A422,1,S13[A422]
251539,0001_202425_bfr_allg_gy_sus_00_2022_p1,5,A422,6,S13[A422]
251539,0001_202425_bfr_allg_gy_sus_00_2022_p1,6,A422,1,S13[A422]
251539,0001_202425_bfr_allg_gy_sus_00_2022_p1,7,A422,4,S13[A422]
251539,0001_202425_bfr_allg_gy_sus_00_2022_p1,8,A422,4,S13[A422]
251539,0001_202425_bfr_allg_gy_sus_00_2022_p1,9,A422,4,S13[A422]
251539,0001_202425_bfr_allg_gy_sus_00_2022_p1,10,A422,6,S13[A422]
251539,0001_202425_bfr_allg_gy_sus_00_2022_p1,1,A421,4,S13[A421]
251539,0001_202425_bfr_allg_gy_sus_00_2022_p1,2,A421,6,S13[A421]
251539,0001_202425_bfr_allg_gy_sus_00_2022_p1,3,A421,2,S13[A421]
251539,0001_202425_bfr_allg_gy_sus_00_2022_p1,4,A421,3,S13[A421]
251539,0001_202425_bfr_allg_gy_sus_00_2022_p1,5,A421,3,S13[A421]
251539,0001_202425_bfr_allg_gy_sus_00_2022_p1,6,A421,4,S13[A421]
251539,0001_202425_bfr_allg_gy_sus_00_2022_p1,7,A421,1,S13[A421]
251539,0001_202425_bfr_allg_gy_sus_00_2022_p1,8,A421,4,S13[A421]
251539,0001_202425_bfr_allg_gy_sus_00_2022_p1,9,A421,1,S13[A421]
251539,0001_202425_bfr_allg_gy_sus_00_2022_p1,10,A421,1,S13[A421]
251539,0001_202425_bfr_allg_gy_sus_00_2022_p1,1,A643,1,S13[A643]
251539,0001_202425_bfr_allg_gy_sus_00_2022_p1,2,A643,1,S13[A643]
251539,0001_202425_bfr_allg_gy_sus_00_2022_p1,3,A643,5,S13[A643]
251539,0001_202425_bfr_allg_gy_sus_00_2022_p1,4,A643,4,S13[A643]
251539,0001_202425_bfr_allg_gy_sus_00_2022_p1,5,A643,4,S13[A643]
251539,0001_202425_bfr_allg_gy_sus_00_2022_p1,6,A643,4,S13[A643]
251539,0001_202425_bfr_allg_gy_sus_00_2022_p1,7,A643,5,S13[A643]
251539,0001_202425_bfr_allg_gy_sus_00_2022_p1,8,A643,2,S13[A643]
251539,0001_202425_bfr_allg_gy_sus_00_2022_p1,9,A643,6,S13[A643]
251539,0001_202425_bfr_allg_gy_sus_00_2022_p1,10,A643,4,S13[A643]
251539,0001_202425_bfr_allg_gy_sus_00_2022_p1,1,A321B,6,S13[A321B]
251539,0001_202425_bfr_allg_gy_sus_00_2022_p1,2,A321B,3,S13[A321B]
251539,0001_202425_bfr_allg_gy_sus_00_2022_p1,3,A321B,6,S13[A321B]
251539,0001_202425_bfr_allg_gy_sus_00_2022_p1,4,A321B,2,S13[A321B]
251539,0001_202425_bfr_allg_gy_sus_00_2022_p1,5,A321B,5,S13[A321B]
251539,0001_202425_bfr_allg_gy_sus_00_2022_p1,6,A321B,2,S13[A321B]
251539,0001_202425_bfr_allg_gy_sus_00_2022_p1,7,A321B,2,S13[A321B]
251539,0001_202425_bfr_allg_gy_sus_00_2022_p1,8,A321B,5,S13[A321B]
251539,0001_202425_bfr_allg_gy_sus_00_2022_p1,9,A321B,5,S13[A321B]
251539,0001_202425_bfr_allg_gy_sus_00_2022_p1,10,A321B,2,S13[A321B]
251539,0001_202425_bfr_allg_gy_sus_00_2022_p1,1,A411,2,S14[A411]
251539,0001_202425_bfr_allg_gy_sus_00_2022_p1,2,A411,4,S14[A411]
251539,0001_202425_bfr_allg_gy_sus_00_2022_p1,3,A411,5,S14[A411]
251539,0001_202425_bfr_allg_gy_sus_00_2022_p1,4,A411,3,S14[A411]
251539,0001_202425_bfr_allg_gy_sus_00_2022_p1,5,A411,3,S14[A411]
251539,0001_202425_bfr_allg_gy_sus_00_2022_p1,6,A411,6,S14[A411]
251539,0001_202425_bfr_allg_gy_sus_00_2022_p1,7,A411,4,S14[A411]
251539,0001_202425_bfr_allg_gy_sus_00_2022_p1,8,A411,5,S14[A411]
251539,0001_202425_bfr_allg_gy_sus_00_2022_p1,9,A411,5,S14[A411]
251539,0001_202425_bfr_allg_gy_sus_00_2022_p1,10,A411,5,S14[A411]
251539,0001_202425_bfr_allg_gy_sus_00_2022_p1,1,A531,3,S14[A531]
251539,0001_202425_bfr_allg_gy_sus_00_2022_p1,2,A531,5,S14[A531]
251539,0001_202425_bfr_allg_gy_sus_00_2022_p1,3,A531,2,S14[A531]
251539,0001_202425_bfr_allg_gy_sus_00_2022_p1,4,A531,2,S14[A531]
251539,0001_202425_bfr_allg_gy_sus_00_2022_p1,5,A531,2,S14[A531]
251539,0001_202425_bfr_allg_gy_sus_00_2022_p1,6,A531,4,S14[A531]
251539,0001_202425_bfr_allg_gy_sus_00_2022_p1,7,A531,4,S14[A531]
251539,0001_202425_bfr_allg_gy_sus_00_2022_p1,8,A531,1,S14[A531]
251539,0001_202425_bfr_allg_gy_sus_00_2022_p1,9,A531,4,S14[A531]
251539,0001_202425_bfr_allg_gy_sus_00_2022_p1,10,A531,1,S14[A531]
251539,0001_202425_bfr_allg_gy_sus_00_2022_p1,1,A532,3,S14[A532]
251539,0001_202425_bfr_allg_gy_sus_00_2022_p1,2,A532,5,S14[A532]
251539,0001_202425_bfr_allg_gy_sus_00_2022_p1,3,A532,4,S14[A532]
251539,0001_202425_bfr_allg_gy_sus_00_2022_p1,4,A532,6,S14[A532]
251539,0001_202425_bfr_allg_gy_sus_00_2022_p1,5,A532,2,S14[A532]
251539,0001_202425_bfr_allg_gy_sus_00_2022_p1,6,A532,2,S14[A532]
251539,0001_202425_bfr_allg_gy_sus_00_2022_p1,7,A532,1,S14[A532]
251539,0001_202425_bfr_allg_gy_sus_00_2022_p1,8,A532,4,S14[A532]
251539,0001_202425_bfr_allg_gy_sus_00_2022_p1,9,A532,1,S14[A532]
251539,0001_202425_bfr_allg_gy_sus_00_2022_p1,10,A532,3,S14[A532]
251539,0001_202425_bfr_allg_gy_sus_00_2022_p1,1,A515W143,2,S14[A515W143]
251539,0001_202425_bfr_allg_gy_sus_00_2022_p1,2,A515W143,2,S14[A515W143]
251539,0001_202425_bfr_allg_gy_sus_00_2022_p1,3,A515W143,6,S14[A515W143]
251539,0001_202425_bfr_allg_gy_sus_00_2022_p1,4,A515W143,5,S14[A515W143]
251539,0001_202425_bfr_allg_gy_sus_00_2022_p1,5,A515W143,1,S14[A515W143]
251539,0001_202425_bfr_allg_gy_sus_00_2022_p1,6,A515W143,3,S14[A515W143]
251539,0001_202425_bfr_allg_gy_sus_00_2022_p1,7,A515W143,6,S14[A515W143]
251539,0001_202425_bfr_allg_gy_sus_00_2022_p1,8,A515W143,5,S14[A515W143]
251539,0001_202425_bfr_allg_gy_sus_00_2022_p1,9,A515W143,5,S14[A515W143]
251539,0001_202425_bfr_allg_gy_sus_00_2022_p1,10,A515W143,4,S14[A515W143]
251539,0001_202425_bfr_allg_gy_sus_00_2022_p1,1,A533,4,S14[A533]
251539,0001_202425_bfr_allg_gy_sus_00_2022_p1,2,A533,5,S14[A533]
251539,0001_202425_bfr_allg_gy_sus_00_2022_p1,3,A533,3,S14[A533]
251539,0001_202425_bfr_allg_gy_sus_00_2022_p1,4,A533,1,S14[A533]
251539,0001_202425_bfr_allg_gy_sus_00_2022_p1,5,A533,3,S14[A533]
251539,0001_202425_bfr_allg_gy_sus_00_2022_p1,6,A533,4,S14[A533]
251539,0001_202425_bfr_allg_gy_sus_00_2022_p1,7,A533,5,S14[A533]
251539,0001_202425_bfr_allg_gy_sus_00_2022_p1,8,A533,4,S14[A533]
251539,0001_202425_bfr_allg_gy_sus_00_2022_p1,9,A533,6,S14[A533]
251539,0001_202425_bfr_allg_gy_sus_00_2022_p1,10,A533,3,S14[A533]
251539,0001_202425_bfr_allg_gy_sus_00_2022_p1,1,A535W254a,3,S14[A535W254a]
251539,0001_202425_bfr_allg_gy_sus_00_2022_p1,2,A535W254a,4,S14[A535W254a]
251539,0001_202425_bfr_allg_gy_sus_00_2022_p1,3,A535W254a,3,S14[A535W254a]
251539,0001_202425_bfr_allg_gy_sus_00_2022_p1,4,A535W254a,5,S14[A535W254a]
251539,0001_202425_bfr_allg_gy_sus_00_2022_p1,5,A535W254a,2,S14[A535W254a]
251539,0001_202425_bfr_allg_gy_sus_00_2022_p1,6,A535W254a,3,S14[A535W254a]
251539,0001_202425_bfr_allg_gy_sus_00_2022_p1,7,A535W254a,6,S14[A535W254a]
251539,0001_202425_bfr_allg_gy_sus_00_2022_p1,8,A535W254a,6,S14[A535W254a]
251539,0001_202425_bfr_allg_gy_sus_00_2022_p1,9,A535W254a,3,S14[A535W254a]
251539,0001_202425_bfr_allg_gy_sus_00_2022_p1,10,A535W254a,2,S14[A535W254a]
251539,0001_202425_bfr_allg_gy_sus_00_2022_p1,1,A535W254b,2,S14[A535W254b]
251539,0001_202425_bfr_allg_gy_sus_00_2022_p1,2,A535W254b,4,S14[A535W254b]
251539,0001_202425_bfr_allg_gy_sus_00_2022_p1,3,A535W254b,2,S14[A535W254b]
251539,0001_202425_bfr_allg_gy_sus_00_2022_p1,4,A535W254b,5,S14[A535W254b]
251539,0001_202425_bfr_allg_gy_sus_00_2022_p1,5,A535W254b,5,S14[A535W254b]
251539,0001_202425_bfr_allg_gy_sus_00_2022_p1,6,A535W254b,3,S14[A535W254b]
251539,0001_202425_bfr_allg_gy_sus_00_2022_p1,7,A535W254b,6,S14[A535W254b]
251539,0001_202425_bfr_allg_gy_sus_00_2022_p1,8,A535W254b,3,S14[A535W254b]
251539,0001_202425_bfr_allg_gy_sus_00_2022_p1,9,A535W254b,2,S14[A535W254b]
251539,0001_202425_bfr_allg_gy_sus_00_2022_p1,10,A535W254b,1,S14[A535W254b]
251539,0001_202425_bfr_allg_gy_sus_00_2022_p1,1,A434,4,S15[A434]
251539,0001_202425_bfr_allg_gy_sus_00_2022_p1,2,A434,6,S15[A434]
251539,0001_202425_bfr_allg_gy_sus_00_2022_p1,3,A434,3,S15[A434]
251539,0001_202425_bfr_allg_gy_sus_00_2022_p1,4,A434,6,S15[A434]
251539,0001_202425_bfr_allg_gy_sus_00_2022_p1,5,A434,2,S15[A434]
251539,0001_202425_bfr_allg_gy_sus_00_2022_p1,6,A434,5,S15[A434]
251539,0001_202425_bfr_allg_gy_sus_00_2022_p1,7,A434,3,S15[A434]
251539,0001_202425_bfr_allg_gy_sus_00_2022_p1,8,A434,4,S15[A434]
251539,0001_202425_bfr_allg_gy_sus_00_2022_p1,9,A434,6,S15[A434]
251539,0001_202425_bfr_allg_gy_sus_00_2022_p1,10,A434,5,S15[A434]
251539,0001_202425_bfr_allg_gy_sus_00_2022_p1,1,A433,1,S15[A433]
251539,0001_202425_bfr_allg_gy_sus_00_2022_p1,2,A433,4,S15[A433]
251539,0001_202425_bfr_allg_gy_sus_00_2022_p1,3,A433,4,S15[A433]
251539,0001_202425_bfr_allg_gy_sus_00_2022_p1,4,A433,5,S15[A433]
251539,0001_202425_bfr_allg_gy_sus_00_2022_p1,5,A433,2,S15[A433]
251539,0001_202425_bfr_allg_gy_sus_00_2022_p1,6,A433,3,S15[A433]
251539,0001_202425_bfr_allg_gy_sus_00_2022_p1,7,A433,3,S15[A433]
251539,0001_202425_bfr_allg_gy_sus_00_2022_p1,8,A433,2,S15[A433]
251539,0001_202425_bfr_allg_gy_sus_00_2022_p1,9,A433,1,S15[A433]
251539,0001_202425_bfr_allg_gy_sus_00_2022_p1,10,A433,5,S15[A433]
251539,0001_202425_bfr_allg_gy_sus_00_2022_p1,1,A521W144,6,S15[A521W144]
251539,0001_202425_bfr_allg_gy_sus_00_2022_p1,2,A521W144,3,S15[A521W144]
251539,0001_202425_bfr_allg_gy_sus_00_2022_p1,3,A521W144,2,S15[A521W144]
251539,0001_202425_bfr_allg_gy_sus_00_2022_p1,4,A521W144,5,S15[A521W144]
251539,0001_202425_bfr_allg_gy_sus_00_2022_p1,5,A521W144,1,S15[A521W144]
251539,0001_202425_bfr_allg_gy_sus_00_2022_p1,6,A521W144,2,S15[A521W144]
251539,0001_202425_bfr_allg_gy_sus_00_2022_p1,7,A521W144,6,S15[A521W144]
251539,0001_202425_bfr_allg_gy_sus_00_2022_p1,8,A521W144,3,S15[A521W144]
251539,0001_202425_bfr_allg_gy_sus_00_2022_p1,9,A521W144,5,S15[A521W144]
251539,0001_202425_bfr_allg_gy_sus_00_2022_p1,10,A521W144,6,S15[A521W144]
251539,0001_202425_bfr_allg_gy_sus_00_2022_p1,1,A631A,6,S15[A631A]
251539,0001_202425_bfr_allg_gy_sus_00_2022_p1,2,A631A,4,S15[A631A]
251539,0001_202425_bfr_allg_gy_sus_00_2022_p1,3,A631A,6,S15[A631A]
251539,0001_202425_bfr_allg_gy_sus_00_2022_p1,4,A631A,3,S15[A631A]
251539,0001_202425_bfr_allg_gy_sus_00_2022_p1,5,A631A,5,S15[A631A]
251539,0001_202425_bfr_allg_gy_sus_00_2022_p1,6,A631A,5,S15[A631A]
251539,0001_202425_bfr_allg_gy_sus_00_2022_p1,7,A631A,1,S15[A631A]
251539,0001_202425_bfr_allg_gy_sus_00_2022_p1,8,A631A,4,S15[A631A]
251539,0001_202425_bfr_allg_gy_sus_00_2022_p1,9,A631A,3,S15[A631A]
251539,0001_202425_bfr_allg_gy_sus_00_2022_p1,10,A631A,4,S15[A631A]
251539,0001_202425_bfr_allg_gy_sus_00_2022_p1,1,A633,1,S15[A633]
251539,0001_202425_bfr_allg_gy_sus_00_2022_p1,2,A633,1,S15[A633]
251539,0001_202425_bfr_allg_gy_sus_00_2022_p1,3,A633,1,S15[A633]
251539,0001_202425_bfr_allg_gy_sus_00_2022_p1,4,A633,4,S15[A633]
251539,0001_202425_bfr_allg_gy_sus_00_2022_p1,5,A633,1,S15[A633]
251539,0001_202425_bfr_allg_gy_sus_00_2022_p1,6,A633,6,S15[A633]
251539,0001_202425_bfr_allg_gy_sus_00_2022_p1,7,A633,5,S15[A633]
251539,0001_202425_bfr_allg_gy_sus_00_2022_p1,8,A633,4,S15[A633]
251539,0001_202425_bfr_allg_gy_sus_00_2022_p1,9,A633,5,S15[A633]
251539,0001_202425_bfr_allg_gy_sus_00_2022_p1,10,A633,5,S15[A633]
251539,0001_202425_bfr_allg_gy_sus_00_2022_p1,1,A634,4,S15[A634]
251539,0001_202425_bfr_allg_gy_sus_00_2022_p1,2,A634,3,S15[A634]
251539,0001_202425_bfr_allg_gy_sus_00_2022_p1,3,A634,3,S15[A634]
251539,0001_202425_bfr_allg_gy_sus_00_2022_p1,4,A634,1,S15[A634]
251539,0001_202425_bfr_allg_gy_sus_00_2022_p1,5,A634,2,S15[A634]
251539,0001_202425_bfr_allg_gy_sus_00_2022_p1,6,A634,4,S15[A634]
251539,0001_202425_bfr_allg_gy_sus_00_2022_p1,7,A634,6,S15[A634]
251539,0001_202425_bfr_allg_gy_sus_00_2022_p1,8,A634,5,S15[A634]
251539,0001_202425_bfr_allg_gy_sus_00_2022_p1,9,A634,5,S15[A634]
251539,0001_202425_bfr_allg_gy_sus_00_2022_p1,10,A634,5,S15[A634]
251539,0001_202425_bfr_allg_gy_sus_00_2022_p1,1,A631B,3,S15[A631B]
251539,0001_202425_bfr_allg_gy_sus_00_2022_p1,2,A631B,1,S15[A631B]
251539,0001_202425_bfr_allg_gy_sus_00_2022_p1,3,A631B,2,S15[A631B]
251539,0001_202425_bfr_allg_gy_sus_00_2022_p1,4,A631B,4,S15[A631B]
251539,0001_202425_bfr_allg_gy_sus_00_2022_p1,5,A631B,1,S15[A631B]
251539,0001_202425_bfr_allg_gy_sus_00_2022_p1,6,A631B,4,S15[A631B]
251539,0001_202425_bfr_allg_gy_sus_00_2022_p1,7,A631B,3,S15[A631B]
251539,0001_202425_bfr_allg_gy_sus_00_2022_p1,8,A631B,6,S15[A631B]
251539,0001_202425_bfr_allg_gy_sus_00_2022_p1,9,A631B,5,S15[A631B]
251539,0001_202425_bfr_allg_gy_sus_00_2022_p1,10,A631B,2,S15[A631B]
251539,0001_202425_bfr_allg_gy_sus_00_2022_p1,1,A642,3,S15[A642]
251539,0001_202425_bfr_allg_gy_sus_00_2022_p1,2,A642,5,S15[A642]
251539,0001_202425_bfr_allg_gy_sus_00_2022_p1,3,A642,5,S15[A642]
251539,0001_202425_bfr_allg_gy_sus_00_2022_p1,4,A642,2,S15[A642]
251539,0001_202425_bfr_allg_gy_sus_00_2022_p1,5,A642,3,S15[A642]
251539,0001_202425_bfr_allg_gy_sus_00_2022_p1,6,A642,6,S15[A642]
251539,0001_202425_bfr_allg_gy_sus_00_2022_p1,7,A642,6,S15[A642]
251539,0001_202425_bfr_allg_gy_sus_00_2022_p1,8,A642,1,S15[A642]
251539,0001_202425_bfr_allg_gy_sus_00_2022_p1,9,A642,1,S15[A642]
251539,0001_202425_bfr_allg_gy_sus_00_2022_p1,10,A642,2,S15[A642]
251539,0001_202425_bfr_allg_gy_sus_00_2022_p1,1,A632,1,S15[A632]
251539,0001_202425_bfr_allg_gy_sus_00_2022_p1,2,A632,4,S15[A632]
251539,0001_202425_bfr_allg_gy_sus_00_2022_p1,3,A632,2,S15[A632]
251539,0001_202425_bfr_allg_gy_sus_00_2022_p1,4,A632,2,S15[A632]
251539,0001_202425_bfr_allg_gy_sus_00_2022_p1,5,A632,3,S15[A632]
251539,0001_202425_bfr_allg_gy_sus_00_2022_p1,6,A632,4,S15[A632]
251539,0001_202425_bfr_allg_gy_sus_00_2022_p1,7,A632,5,S15[A632]
251539,0001_202425_bfr_allg_gy_sus_00_2022_p1,8,A632,4,S15[A632]
251539,0001_202425_bfr_allg_gy_sus_00_2022_p1,9,A632,6,S15[A632]
251539,0001_202425_bfr_allg_gy_sus_00_2022_p1,10,A632,1,S15[A632]
251539,0001_202425_bfr_allg_gy_sus_00_2022_p1,1,Z1S,1,Zuf[Z1S]
251539,0001_202425_bfr_allg_gy_sus_00_2022_p1,2,Z1S,5,Zuf[Z1S]
251539,0001_202425_bfr_allg_gy_sus_00_2022_p1,3,Z1S,2,Zuf[Z1S]
251539,0001_202425_bfr_allg_gy_sus_00_2022_p1,4,Z1S,4,Zuf[Z1S]
251539,0001_202425_bfr_allg_gy_sus_00_2022_p1,5,Z1S,3,Zuf[Z1S]
251539,0001_202425_bfr_allg_gy_sus_00_2022_p1,6,Z1S,2,Zuf[Z1S]
251539,0001_202425_bfr_allg_gy_sus_00_2022_p1,7,Z1S,1,Zuf[Z1S]
251539,0001_202425_bfr_allg_gy_sus_00_2022_p1,8,Z1S,5,Zuf[Z1S]
251539,0001_202425_bfr_allg_gy_sus_00_2022_p1,9,Z1S,2,Zuf[Z1S]
251539,0001_202425_bfr_allg_gy_sus_00_2022_p1,10,Z1S,4,Zuf[Z1S]
251539,0001_202425_bfr_allg_gy_sus_00_2022_p1,1,Z2S,3,Zuf[Z2S]
251539,0001_202425_bfr_allg_gy_sus_00_2022_p1,2,Z2S,4,Zuf[Z2S]
251539,0001_202425_bfr_allg_gy_sus_00_2022_p1,3,Z2S,1,Zuf[Z2S]
251539,0001_202425_bfr_allg_gy_sus_00_2022_p1,4,Z2S,4,Zuf[Z2S]
251539,0001_202425_bfr_allg_gy_sus_00_2022_p1,5,Z2S,2,Zuf[Z2S]
251539,0001_202425_bfr_allg_gy_sus_00_2022_p1,6,Z2S,3,Zuf[Z2S]
251539,0001_202425_bfr_allg_gy_sus_00_2022_p1,7,Z2S,3,Zuf[Z2S]
251539,0001_202425_bfr_allg_gy_sus_00_2022_p1,8,Z2S,4,Zuf[Z2S]
251539,0001_202425_bfr_allg_gy_sus_00_2022_p1,9,Z2S,3,Zuf[Z2S]
251539,0001_202425_bfr_allg_gy_sus_00_2022_p1,10,Z2S,4,Zuf[Z2S]
251539,0001_202425_bfr_allg_gy_sus_00_2022_p1,1,Z3S,2,Zuf[Z3S]
251539,0001_202425_bfr_allg_gy_sus_00_2022_p1,2,Z3S,2,Zuf[Z3S]
251539,0001_202425_bfr_allg_gy_sus_00_2022_p1,3,Z3S,4,Zuf[Z3S]
251539,0001_202425_bfr_allg_gy_sus_00_2022_p1,4,Z3S,2,Zuf[Z3S]
251539,0001_202425_bfr_allg_gy_sus_00_2022_p1,5,Z3S,3,Zuf[Z3S]
251539,0001_202425_bfr_allg_gy_sus_00_2022_p1,6,Z3S,3,Zuf[Z3S]
251539,0001_202425_bfr_allg_gy_sus_00_2022_p1,7,Z3S,5,Zuf[Z3S]
251539,0001_202425_bfr_allg_gy_sus_00_2022_p1,8,Z3S,3,Zuf[Z3S]
251539,0001_202425_bfr_allg_gy_sus_00_2022_p1,9,Z3S,2,Zuf[Z3S]
251539,0001_202425_bfr_allg_gy_sus_00_2022_p1,10,Z3S,5,Zuf[Z3S]
251539,0001_202425_bfr_allg_gy_sus_00_2022_p1,1,Z4S,2,Zuf[Z4S]
251539,0001_202425_bfr_allg_gy_sus_00_2022_p1,2,Z4S,2,Zuf[Z4S]
251539,0001_202425_bfr_allg_gy_sus_00_2022_p1,3,Z4S,1,Zuf[Z4S]
251539,0001_202425_bfr_allg_gy_sus_00_2022_p1,4,Z4S,1,Zuf[Z4S]
251539,0001_202425_bfr_allg_gy_sus_00_2022_p1,5,Z4S,1,Zuf[Z4S]
251539,0001_202425_bfr_allg_gy_sus_00_2022_p1,6,Z4S,5,Zuf[Z4S]
251539,0001_202425_bfr_allg_gy_sus_00_2022_p1,7,Z4S,3,Zuf[Z4S]
251539,0001_202425_bfr_allg_gy_sus_00_2022_p1,8,Z4S,5,Zuf[Z4S]
251539,0001_202425_bfr_allg_gy_sus_00_2022_p1,9,Z4S,3,Zuf[Z4S]
251539,0001_202425_bfr_allg_gy_sus_00_2022_p1,10,Z4S,4,Zuf[Z4S]
251539,0001_202425_bfr_allg_gy_sus_00_2022_p1,1,Z5S,2,Zuf[Z5S]
251539,0001_202425_bfr_allg_gy_sus_00_2022_p1,2,Z5S,5,Zuf[Z5S]
251539,0001_202425_bfr_allg_gy_sus_00_2022_p1,3,Z5S,4,Zuf[Z5S]
251539,0001_202425_bfr_allg_gy_sus_00_2022_p1,4,Z5S,3,Zuf[Z5S]
251539,0001_202425_bfr_allg_gy_sus_00_2022_p1,5,Z5S,4,Zuf[Z5S]
251539,0001_202425_bfr_allg_gy_sus_00_2022_p1,6,Z5S,5,Zuf[Z5S]
251539,0001_202425_bfr_allg_gy_sus_00_2022_p1,7,Z5S,4,Zuf[Z5S]
251539,0001_202425_bfr_allg_gy_sus_00_2022_p1,8,Z5S,5,Zuf[Z5S]
251539,0001_202425_bfr_allg_gy_sus_00_2022_p1,9,Z5S,2,Zuf[Z5S]
251539,0001_202425_bfr_allg_gy_sus_00_2022_p1,10,Z5S,5,Zuf[Z5S]
251539,0001_202425_bfr_allg_gy_sus_00_2022_p1,1,mitdate,2024-08-28 10:12:06,submitdate
251539,0001_202425_bfr_allg_gy_sus_00_2022_p1,2,mitdate,2024-08-28 10:12:06,submitdate
251539,0001_202425_bfr_allg_gy_sus_00_2022_p1,3,mitdate,2024-08-28 10:12:06,submitdate
251539,0001_202425_bfr_allg_gy_sus_00_2022_p1,4,mitdate,2024-08-28 10:12:06,submitdate
251539,0001_202425_bfr_allg_gy_sus_00_2022_p1,5,mitdate,2024-08-28 10:12:06,submitdate
251539,0001_202425_bfr_allg_gy_sus_00_2022_p1,6,mitdate,2024-08-28 10:12:06,submitdate
251539,0001_202425_bfr_allg_gy_sus_00_2022_p1,7,mitdate,2024-08-28 10:12:06,submitdate
251539,0001_202425_bfr_allg_gy_sus_00_2022_p1,8,mitdate,2024-08-28 10:12:06,submitdate
251539,0001_202425_bfr_allg_gy_sus_00_2022_p1,9,mitdate,2024-08-28 10:12:06,submitdate
251539,0001_202425_bfr_allg_gy_sus_00_2022_p1,10,mitdate,2024-08-28 10:12:06,submitdate
453143,0001_202425_bfr_allg_gy_leh_00_2022_p1,1,tpage,15,lastpage
453143,0001_202425_bfr_allg_gy_leh_00_2022_p1,2,tpage,15,lastpage
453143,0001_202425_bfr_allg_gy_leh_00_2022_p1,3,tpage,15,lastpage
453143,0001_202425_bfr_allg_gy_leh_00_2022_p1,4,tpage,15,lastpage
453143,0001_202425_bfr_allg_gy_leh_00_2022_p1,5,tpage,15,lastpage
453143,0001_202425_bfr_allg_gy_leh_00_2022_p1,6,tpage,15,lastpage
453143,0001_202425_bfr_allg_gy_leh_00_2022_p1,7,tpage,15,lastpage
453143,0001_202425_bfr_allg_gy_leh_00_2022_p1,8,tpage,15,lastpage
453143,0001_202425_bfr_allg_gy_leh_00_2022_p1,9,tpage,15,lastpage
453143,0001_202425_bfr_allg_gy_leh_00_2022_p1,10,tpage,15,lastpage
453143,0001_202425_bfr_allg_gy_leh_00_2022_p1,1,rtlanguage,de,startlanguage
453143,0001_202425_bfr_allg_gy_leh_00_2022_p1,2,rtlanguage,de,startlanguage
453143,0001_202425_bfr_allg_gy_leh_00_2022_p1,3,rtlanguage,de,startlanguage
453143,0001_202425_bfr_allg_gy_leh_00_2022_p1,4,rtlanguage,de,startlanguage
453143,0001_202425_bfr_allg_gy_leh_00_2022_p1,5,rtlanguage,de,startlanguage
453143,0001_202425_bfr_allg_gy_leh_00_2022_p1,6,rtlanguage,de,startlanguage
453143,0001_202425_bfr_allg_gy_leh_00_2022_p1,7,rtlanguage,de,startlanguage
453143,0001_202425_bfr_allg_gy_leh_00_2022_p1,8,rtlanguage,de,startlanguage
453143,0001_202425_bfr_allg_gy_leh_00_2022_p1,9,rtlanguage,de,startlanguage
453143,0001_202425_bfr_allg_gy_leh_00_2022_p1,10,rtlanguage,de,startlanguage
453143,0001_202425_bfr_allg_gy_leh_00_2022_p1,1,d,1351754369,seed
453143,0001_202425_bfr_allg_gy_leh_00_2022_p1,2,d,1646400974,seed
453143,0001_202425_bfr_allg_gy_leh_00_2022_p1,3,d,1915857210,seed
453143,0001_202425_bfr_allg_gy_leh_00_2022_p1,4,d,1667602273,seed
453143,0001_202425_bfr_allg_gy_leh_00_2022_p1,5,d,1864817086,seed
453143,0001_202425_bfr_allg_gy_leh_00_2022_p1,6,d,1698439061,seed
453143,0001_202425_bfr_allg_gy_leh_00_2022_p1,7,d,1305745779,seed
453143,0001_202425_bfr_allg_gy_leh_00_2022_p1,8,d,1134265910,seed
453143,0001_202425_bfr_allg_gy_leh_00_2022_p1,9,d,1773567440,seed
453143,0001_202425_bfr_allg_gy_leh_00_2022_p1,10,d,1710137047,seed
453143,0001_202425_bfr_allg_gy_leh_00_2022_p1,1,B123,5,L01[B123]
453143,0001_202425_bfr_allg_gy_leh_00_2022_p1,2,B123,1,L01[B123]
453143,0001_202425_bfr_allg_gy_leh_00_2022_p1,3,B123,4,L01[B123]
453143,0001_202425_bfr_allg_gy_leh_00_2022_p1,4,B123,1,L01[B123]
453143,0001_202425_bfr_allg_gy_leh_00_2022_p1,5,B123,3,L01[B123]
453143,0001_202425_bfr_allg_gy_leh_00_2022_p1,6,B123,5,L01[B123]
453143,0001_202425_bfr_allg_gy_leh_00_2022_p1,7,B123,1,L01[B123]
453143,0001_202425_bfr_allg_gy_leh_00_2022_p1,8,B123,5,L01[B123]
453143,0001_202425_bfr_allg_gy_leh_00_2022_p1,9,B123,3,L01[B123]
453143,0001_202425_bfr_allg_gy_leh_00_2022_p1,10,B123,6,L01[B123]
453143,0001_202425_bfr_allg_gy_leh_00_2022_p1,1,B131W124D,6,L01[B131W124D]
453143,0001_202425_bfr_allg_gy_leh_00_2022_p1,2,B131W124D,3,L01[B131W124D]
453143,0001_202425_bfr_allg_gy_leh_00_2022_p1,3,B131W124D,2,L01[B131W124D]
453143,0001_202425_bfr_allg_gy_leh_00_2022_p1,4,B131W124D,3,L01[B131W124D]
453143,0001_202425_bfr_allg_gy_leh_00_2022_p1,5,B131W124D,6,L01[B131W124D]
453143,0001_202425_bfr_allg_gy_leh_00_2022_p1,6,B131W124D,1,L01[B131W124D]
453143,0001_202425_bfr_allg_gy_leh_00_2022_p1,7,B131W124D,3,L01[B131W124D]
453143,0001_202425_bfr_allg_gy_leh_00_2022_p1,8,B131W124D,6,L01[B131W124D]
453143,0001_202425_bfr_allg_gy_leh_00_2022_p1,9,B131W124D,1,L01[B131W124D]
453143,0001_202425_bfr_allg_gy_leh_00_2022_p1,10,B131W124D,6,L01[B131W124D]
453143,0001_202425_bfr_allg_gy_leh_00_2022_p1,1,B132b,3,L01[B132b]
453143,0001_202425_bfr_allg_gy_leh_00_2022_p1,2,B132b,5,L01[B132b]
453143,0001_202425_bfr_allg_gy_leh_00_2022_p1,3,B132b,1,L01[B132b]
453143,0001_202425_bfr_allg_gy_leh_00_2022_p1,4,B132b,5,L01[B132b]
453143,0001_202425_bfr_allg_gy_leh_00_2022_p1,5,B132b,1,L01[B132b]
453143,0001_202425_bfr_allg_gy_leh_00_2022_p1,6,B132b,4,L01[B132b]
453143,0001_202425_bfr_allg_gy_leh_00_2022_p1,7,B132b,5,L01[B132b]
453143,0001_202425_bfr_allg_gy_leh_00_2022_p1,8,B132b,4,L01[B132b]
453143,0001_202425_bfr_allg_gy_leh_00_2022_p1,9,B132b,3,L01[B132b]
453143,0001_202425_bfr_allg_gy_leh_00_2022_p1,10,B132b,3,L01[B132b]
453143,0001_202425_bfr_allg_gy_leh_00_2022_p1,1,B113,3,L01[B113]
453143,0001_202425_bfr_allg_gy_leh_00_2022_p1,2,B113,6,L01[B113]
453143,0001_202425_bfr_allg_gy_leh_00_2022_p1,3,B113,2,L01[B113]
453143,0001_202425_bfr_allg_gy_leh_00_2022_p1,4,B113,1,L01[B113]
453143,0001_202425_bfr_allg_gy_leh_00_2022_p1,5,B113,2,L01[B113]
453143,0001_202425_bfr_allg_gy_leh_00_2022_p1,6,B113,5,L01[B113]
453143,0001_202425_bfr_allg_gy_leh_00_2022_p1,7,B113,3,L01[B113]
453143,0001_202425_bfr_allg_gy_leh_00_2022_p1,8,B113,6,L01[B113]
453143,0001_202425_bfr_allg_gy_leh_00_2022_p1,9,B113,4,L01[B113]
453143,0001_202425_bfr_allg_gy_leh_00_2022_p1,10,B113,5,L01[B113]
453143,0001_202425_bfr_allg_gy_leh_00_2022_p1,1,B221a,3,L01[B221a]
453143,0001_202425_bfr_allg_gy_leh_00_2022_p1,2,B221a,4,L01[B221a]
453143,0001_202425_bfr_allg_gy_leh_00_2022_p1,3,B221a,6,L01[B221a]
453143,0001_202425_bfr_allg_gy_leh_00_2022_p1,4,B221a,6,L01[B221a]
453143,0001_202425_bfr_allg_gy_leh_00_2022_p1,5,B221a,4,L01[B221a]
453143,0001_202425_bfr_allg_gy_leh_00_2022_p1,6,B221a,6,L01[B221a]
453143,0001_202425_bfr_allg_gy_leh_00_2022_p1,7,B221a,3,L01[B221a]
453143,0001_202425_bfr_allg_gy_leh_00_2022_p1,8,B221a,5,L01[B221a]
453143,0001_202425_bfr_allg_gy_leh_00_2022_p1,9,B221a,2,L01[B221a]
453143,0001_202425_bfr_allg_gy_leh_00_2022_p1,10,B221a,3,L01[B221a]
453143,0001_202425_bfr_allg_gy_leh_00_2022_p1,1,B221b,3,L01[B221b]
453143,0001_202425_bfr_allg_gy_leh_00_2022_p1,2,B221b,6,L01[B221b]
453143,0001_202425_bfr_allg_gy_leh_00_2022_p1,3,B221b,6,L01[B221b]
453143,0001_202425_bfr_allg_gy_leh_00_2022_p1,4,B221b,4,L01[B221b]
453143,0001_202425_bfr_allg_gy_leh_00_2022_p1,5,B221b,2,L01[B221b]
453143,0001_202425_bfr_allg_gy_leh_00_2022_p1,6,B221b,1,L01[B221b]
453143,0001_202425_bfr_allg_gy_leh_00_2022_p1,7,B221b,2,L01[B221b]
453143,0001_202425_bfr_allg_gy_leh_00_2022_p1,8,B221b,1,L01[B221b]
453143,0001_202425_bfr_allg_gy_leh_00_2022_p1,9,B221b,2,L01[B221b]
453143,0001_202425_bfr_allg_gy_leh_00_2022_p1,10,B221b,3,L01[B221b]
453143,0001_202425_bfr_allg_gy_leh_00_2022_p1,1,B223,2,L01[B223]
453143,0001_202425_bfr_allg_gy_leh_00_2022_p1,2,B223,6,L01[B223]
453143,0001_202425_bfr_allg_gy_leh_00_2022_p1,3,B223,4,L01[B223]
453143,0001_202425_bfr_allg_gy_leh_00_2022_p1,4,B223,5,L01[B223]
453143,0001_202425_bfr_allg_gy_leh_00_2022_p1,5,B223,4,L01[B223]
453143,0001_202425_bfr_allg_gy_leh_00_2022_p1,6,B223,6,L01[B223]
453143,0001_202425_bfr_allg_gy_leh_00_2022_p1,7,B223,2,L01[B223]
453143,0001_202425_bfr_allg_gy_leh_00_2022_p1,8,B223,5,L01[B223]
453143,0001_202425_bfr_allg_gy_leh_00_2022_p1,9,B223,5,L01[B223]
453143,0001_202425_bfr_allg_gy_leh_00_2022_p1,10,B223,2,L01[B223]
453143,0001_202425_bfr_allg_gy_leh_00_2022_p1,1,B313,1,L01[B313]
453143,0001_202425_bfr_allg_gy_leh_00_2022_p1,2,B313,5,L01[B313]
453143,0001_202425_bfr_allg_gy_leh_00_2022_p1,3,B313,5,L01[B313]
453143,0001_202425_bfr_allg_gy_leh_00_2022_p1,4,B313,5,L01[B313]
453143,0001_202425_bfr_allg_gy_leh_00_2022_p1,5,B313,1,L01[B313]
453143,0001_202425_bfr_allg_gy_leh_00_2022_p1,6,B313,5,L01[B313]
453143,0001_202425_bfr_allg_gy_leh_00_2022_p1,7,B313,3,L01[B313]
453143,0001_202425_bfr_allg_gy_leh_00_2022_p1,8,B313,6,L01[B313]
453143,0001_202425_bfr_allg_gy_leh_00_2022_p1,9,B313,6,L01[B313]
453143,0001_202425_bfr_allg_gy_leh_00_2022_p1,10,B313,4,L01[B313]
453143,0001_202425_bfr_allg_gy_leh_00_2022_p1,1,B311,6,L01[B311]
453143,0001_202425_bfr_allg_gy_leh_00_2022_p1,2,B311,1,L01[B311]
453143,0001_202425_bfr_allg_gy_leh_00_2022_p1,3,B311,4,L01[B311]
453143,0001_202425_bfr_allg_gy_leh_00_2022_p1,4,B311,1,L01[B311]
453143,0001_202425_bfr_allg_gy_leh_00_2022_p1,5,B311,6,L01[B311]
453143,0001_202425_bfr_allg_gy_leh_00_2022_p1,6,B311,6,L01[B311]
453143,0001_202425_bfr_allg_gy_leh_00_2022_p1,7,B311,2,L01[B311]
453143,0001_202425_bfr_allg_gy_leh_00_2022_p1,8,B311,3,L01[B311]
453143,0001_202425_bfr_allg_gy_leh_00_2022_p1,9,B311,1,L01[B311]
453143,0001_202425_bfr_allg_gy_leh_00_2022_p1,10,B311,4,L01[B311]
453143,0001_202425_bfr_allg_gy_leh_00_2022_p1,1,B312a,4,L01[B312a]
453143,0001_202425_bfr_allg_gy_leh_00_2022_p1,2,B312a,5,L01[B312a]
453143,0001_202425_bfr_allg_gy_leh_00_2022_p1,3,B312a,6,L01[B312a]
453143,0001_202425_bfr_allg_gy_leh_00_2022_p1,4,B312a,1,L01[B312a]
453143,0001_202425_bfr_allg_gy_leh_00_2022_p1,5,B312a,6,L01[B312a]
453143,0001_202425_bfr_allg_gy_leh_00_2022_p1,6,B312a,2,L01[B312a]
453143,0001_202425_bfr_allg_gy_leh_00_2022_p1,7,B312a,3,L01[B312a]
453143,0001_202425_bfr_allg_gy_leh_00_2022_p1,8,B312a,5,L01[B312a]
453143,0001_202425_bfr_allg_gy_leh_00_2022_p1,9,B312a,3,L01[B312a]
453143,0001_202425_bfr_allg_gy_leh_00_2022_p1,10,B312a,4,L01[B312a]
453143,0001_202425_bfr_allg_gy_leh_00_2022_p1,1,B312b,5,L01[B312b]
453143,0001_202425_bfr_allg_gy_leh_00_2022_p1,2,B312b,6,L01[B312b]
453143,0001_202425_bfr_allg_gy_leh_00_2022_p1,3,B312b,4,L01[B312b]
453143,0001_202425_bfr_allg_gy_leh_00_2022_p1,4,B312b,3,L01[B312b]
453143,0001_202425_bfr_allg_gy_leh_00_2022_p1,5,B312b,2,L01[B312b]
453143,0001_202425_bfr_allg_gy_leh_00_2022_p1,6,B312b,3,L01[B312b]
453143,0001_202425_bfr_allg_gy_leh_00_2022_p1,7,B312b,4,L01[B312b]
453143,0001_202425_bfr_allg_gy_leh_00_2022_p1,8,B312b,5,L01[B312b]
453143,0001_202425_bfr_allg_gy_leh_00_2022_p1,9,B312b,5,L01[B312b]
453143,0001_202425_bfr_allg_gy_leh_00_2022_p1,10,B312b,1,L01[B312b]
453143,0001_202425_bfr_allg_gy_leh_00_2022_p1,1,C113,3,L02[C113]
453143,0001_202425_bfr_allg_gy_leh_00_2022_p1,2,C113,5,L02[C113]
453143,0001_202425_bfr_allg_gy_leh_00_2022_p1,3,C113,1,L02[C113]
453143,0001_202425_bfr_allg_gy_leh_00_2022_p1,4,C113,5,L02[C113]
453143,0001_202425_bfr_allg_gy_leh_00_2022_p1,5,C113,4,L02[C113]
453143,0001_202425_bfr_allg_gy_leh_00_2022_p1,6,C113,3,L02[C113]
453143,0001_202425_bfr_allg_gy_leh_00_2022_p1,7,C113,3,L02[C113]
453143,0001_202425_bfr_allg_gy_leh_00_2022_p1,8,C113,4,L02[C113]
453143,0001_202425_bfr_allg_gy_leh_00_2022_p1,9,C113,3,L02[C113]
453143,0001_202425_bfr_allg_gy_leh_00_2022_p1,10,C113,2,L02[C113]
453143,0001_202425_bfr_allg_gy_leh_00_2022_p1,1,C114,1,L02[C114]
453143,0001_202425_bfr_allg_gy_leh_00_2022_p1,2,C114,1,L02[C114]
453143,0001_202425_bfr_allg_gy_leh_00_2022_p1,3,C114,2,L02[C114]
453143,0001_202425_bfr_allg_gy_leh_00_2022_p1,4,C114,4,L02[C114]
453143,0001_202425_bfr_allg_gy_leh_00_2022_p1,5,C114,4,L02[C114]
453143,0001_202425_bfr_allg_gy_leh_00_2022_p1,6,C114,5,L02[C114]
453143,0001_202425_bfr_allg_gy_leh_00_2022_p1,7,C114,1,L02[C114]
453143,0001_202425_bfr_allg_gy_leh_00_2022_p1,8,C114,3,L02[C114]
453143,0001_202425_bfr_allg_gy_leh_00_2022_p1,9,C114,4,L02[C114]
453143,0001_202425_bfr_allg_gy_leh_00_2022_p1,10,C114,5,L02[C114]
453143,0001_202425_bfr_allg_gy_leh_00_2022_p1,1,C121,5,L02[C121]
453143,0001_202425_bfr_allg_gy_leh_00_2022_p1,2,C121,6,L02[C121]
453143,0001_202425_bfr_allg_gy_leh_00_2022_p1,3,C121,1,L02[C121]
453143,0001_202425_bfr_allg_gy_leh_00_2022_p1,4,C121,2,L02[C121]
453143,0001_202425_bfr_allg_gy_leh_00_2022_p1,5,C121,1,L02[C121]
453143,0001_202425_bfr_allg_gy_leh_00_2022_p1,6,C121,4,L02[C121]
453143,0001_202425_bfr_allg_gy_leh_00_2022_p1,7,C121,5,L02[C121]
453143,0001_202425_bfr_allg_gy_leh_00_2022_p1,8,C121,6,L02[C121]
453143,0001_202425_bfr_allg_gy_leh_00_2022_p1,9,C121,1,L02[C121]
453143,0001_202425_bfr_allg_gy_leh_00_2022_p1,10,C121,3,L02[C121]
453143,0001_202425_bfr_allg_gy_leh_00_2022_p1,1,C123,1,L02[C123]
453143,0001_202425_bfr_allg_gy_leh_00_2022_p1,2,C123,2,L02[C123]
453143,0001_202425_bfr_allg_gy_leh_00_2022_p1,3,C123,3,L02[C123]
453143,0001_202425_bfr_allg_gy_leh_00_2022_p1,4,C123,6,L02[C123]
453143,0001_202425_bfr_allg_gy_leh_00_2022_p1,5,C123,5,L02[C123]
453143,0001_202425_bfr_allg_gy_leh_00_2022_p1,6,C123,1,L02[C123]
453143,0001_202425_bfr_allg_gy_leh_00_2022_p1,7,C123,4,L02[C123]
453143,0001_202425_bfr_allg_gy_leh_00_2022_p1,8,C123,5,L02[C123]
453143,0001_202425_bfr_allg_gy_leh_00_2022_p1,9,C123,6,L02[C123]
453143,0001_202425_bfr_allg_gy_leh_00_2022_p1,10,C123,5,L02[C123]
453143,0001_202425_bfr_allg_gy_leh_00_2022_p1,1,C111,2,L02[C111]
453143,0001_202425_bfr_allg_gy_leh_00_2022_p1,2,C111,2,L02[C111]
453143,0001_202425_bfr_allg_gy_leh_00_2022_p1,3,C111,2,L02[C111]
453143,0001_202425_bfr_allg_gy_leh_00_2022_p1,4,C111,2,L02[C111]
453143,0001_202425_bfr_allg_gy_leh_00_2022_p1,5,C111,5,L02[C111]
453143,0001_202425_bfr_allg_gy_leh_00_2022_p1,6,C111,1,L02[C111]
453143,0001_202425_bfr_allg_gy_leh_00_2022_p1,7,C111,2,L02[C111]
453143,0001_202425_bfr_allg_gy_leh_00_2022_p1,8,C111,3,L02[C111]
453143,0001_202425_bfr_allg_gy_leh_00_2022_p1,9,C111,1,L02[C111]
453143,0001_202425_bfr_allg_gy_leh_00_2022_p1,10,C111,6,L02[C111]
453143,0001_202425_bfr_allg_gy_leh_00_2022_p1,1,C112W221,5,L02[C112W221]
453143,0001_202425_bfr_allg_gy_leh_00_2022_p1,2,C112W221,1,L02[C112W221]
453143,0001_202425_bfr_allg_gy_leh_00_2022_p1,3,C112W221,2,L02[C112W221]
453143,0001_202425_bfr_allg_gy_leh_00_2022_p1,4,C112W221,2,L02[C112W221]
453143,0001_202425_bfr_allg_gy_leh_00_2022_p1,5,C112W221,3,L02[C112W221]
453143,0001_202425_bfr_allg_gy_leh_00_2022_p1,6,C112W221,3,L02[C112W221]
453143,0001_202425_bfr_allg_gy_leh_00_2022_p1,7,C112W221,5,L02[C112W221]
453143,0001_202425_bfr_allg_gy_leh_00_2022_p1,8,C112W221,6,L02[C112W221]
453143,0001_202425_bfr_allg_gy_leh_00_2022_p1,9,C112W221,5,L02[C112W221]
453143,0001_202425_bfr_allg_gy_leh_00_2022_p1,10,C112W221,6,L02[C112W221]
453143,0001_202425_bfr_allg_gy_leh_00_2022_p1,1,C132a,5,L02[C132a]
453143,0001_202425_bfr_allg_gy_leh_00_2022_p1,2,C132a,5,L02[C132a]
453143,0001_202425_bfr_allg_gy_leh_00_2022_p1,3,C132a,5,L02[C132a]
453143,0001_202425_bfr_allg_gy_leh_00_2022_p1,4,C132a,4,L02[C132a]
453143,0001_202425_bfr_allg_gy_leh_00_2022_p1,5,C132a,3,L02[C132a]
453143,0001_202425_bfr_allg_gy_leh_00_2022_p1,6,C132a,4,L02[C132a]
453143,0001_202425_bfr_allg_gy_leh_00_2022_p1,7,C132a,1,L02[C132a]
453143,0001_202425_bfr_allg_gy_leh_00_2022_p1,8,C132a,3,L02[C132a]
453143,0001_202425_bfr_allg_gy_leh_00_2022_p1,9,C132a,1,L02[C132a]
453143,0001_202425_bfr_allg_gy_leh_00_2022_p1,10,C132a,6,L02[C132a]
453143,0001_202425_bfr_allg_gy_leh_00_2022_p1,1,C314a,5,L03[C314a]
453143,0001_202425_bfr_allg_gy_leh_00_2022_p1,2,C314a,6,L03[C314a]
453143,0001_202425_bfr_allg_gy_leh_00_2022_p1,3,C314a,4,L03[C314a]
453143,0001_202425_bfr_allg_gy_leh_00_2022_p1,4,C314a,1,L03[C314a]
453143,0001_202425_bfr_allg_gy_leh_00_2022_p1,5,C314a,4,L03[C314a]
453143,0001_202425_bfr_allg_gy_leh_00_2022_p1,6,C314a,3,L03[C314a]
453143,0001_202425_bfr_allg_gy_leh_00_2022_p1,7,C314a,2,L03[C314a]
453143,0001_202425_bfr_allg_gy_leh_00_2022_p1,8,C314a,6,L03[C314a]
453143,0001_202425_bfr_allg_gy_leh_00_2022_p1,9,C314a,1,L03[C314a]
453143,0001_202425_bfr_allg_gy_leh_00_2022_p1,10,C314a,3,L03[C314a]
453143,0001_202425_bfr_allg_gy_leh_00_2022_p1,1,C314b,1,L03[C314b]
453143,0001_202425_bfr_allg_gy_leh_00_2022_p1,2,C314b,3,L03[C314b]
453143,0001_202425_bfr_allg_gy_leh_00_2022_p1,3,C314b,6,L03[C314b]
453143,0001_202425_bfr_allg_gy_leh_00_2022_p1,4,C314b,6,L03[C314b]
453143,0001_202425_bfr_allg_gy_leh_00_2022_p1,5,C314b,6,L03[C314b]
453143,0001_202425_bfr_allg_gy_leh_00_2022_p1,6,C314b,5,L03[C314b]
453143,0001_202425_bfr_allg_gy_leh_00_2022_p1,7,C314b,4,L03[C314b]
453143,0001_202425_bfr_allg_gy_leh_00_2022_p1,8,C314b,6,L03[C314b]
453143,0001_202425_bfr_allg_gy_leh_00_2022_p1,9,C314b,1,L03[C314b]
453143,0001_202425_bfr_allg_gy_leh_00_2022_p1,10,C314b,2,L03[C314b]
453143,0001_202425_bfr_allg_gy_leh_00_2022_p1,1,C232a,2,L03[C232a]
453143,0001_202425_bfr_allg_gy_leh_00_2022_p1,2,C232a,3,L03[C232a]
453143,0001_202425_bfr_allg_gy_leh_00_2022_p1,3,C232a,2,L03[C232a]
453143,0001_202425_bfr_allg_gy_leh_00_2022_p1,4,C232a,3,L03[C232a]
453143,0001_202425_bfr_allg_gy_leh_00_2022_p1,5,C232a,2,L03[C232a]
453143,0001_202425_bfr_allg_gy_leh_00_2022_p1,6,C232a,2,L03[C232a]
453143,0001_202425_bfr_allg_gy_leh_00_2022_p1,7,C232a,6,L03[C232a]
453143,0001_202425_bfr_allg_gy_leh_00_2022_p1,8,C232a,4,L03[C232a]
453143,0001_202425_bfr_allg_gy_leh_00_2022_p1,9,C232a,4,L03[C232a]
453143,0001_202425_bfr_allg_gy_leh_00_2022_p1,10,C232a,5,L03[C232a]
453143,0001_202425_bfr_allg_gy_leh_00_2022_p1,1,C313,3,L03[C313]
453143,0001_202425_bfr_allg_gy_leh_00_2022_p1,2,C313,3,L03[C313]
453143,0001_202425_bfr_allg_gy_leh_00_2022_p1,3,C313,6,L03[C313]
453143,0001_202425_bfr_allg_gy_leh_00_2022_p1,4,C313,6,L03[C313]
453143,0001_202425_bfr_allg_gy_leh_00_2022_p1,5,C313,3,L03[C313]
453143,0001_202425_bfr_allg_gy_leh_00_2022_p1,6,C313,4,L03[C313]
453143,0001_202425_bfr_allg_gy_leh_00_2022_p1,7,C313,2,L03[C313]
453143,0001_202425_bfr_allg_gy_leh_00_2022_p1,8,C313,1,L03[C313]
453143,0001_202425_bfr_allg_gy_leh_00_2022_p1,9,C313,4,L03[C313]
453143,0001_202425_bfr_allg_gy_leh_00_2022_p1,10,C313,6,L03[C313]
453143,0001_202425_bfr_allg_gy_leh_00_2022_p1,1,C312,5,L03[C312]
453143,0001_202425_bfr_allg_gy_leh_00_2022_p1,2,C312,5,L03[C312]
453143,0001_202425_bfr_allg_gy_leh_00_2022_p1,3,C312,2,L03[C312]
453143,0001_202425_bfr_allg_gy_leh_00_2022_p1,4,C312,4,L03[C312]
453143,0001_202425_bfr_allg_gy_leh_00_2022_p1,5,C312,2,L03[C312]
453143,0001_202425_bfr_allg_gy_leh_00_2022_p1,6,C312,6,L03[C312]
453143,0001_202425_bfr_allg_gy_leh_00_2022_p1,7,C312,3,L03[C312]
453143,0001_202425_bfr_allg_gy_leh_00_2022_p1,8,C312,3,L03[C312]
453143,0001_202425_bfr_allg_gy_leh_00_2022_p1,9,C312,2,L03[C312]
453143,0001_202425_bfr_allg_gy_leh_00_2022_p1,10,C312,3,L03[C312]
453143,0001_202425_bfr_allg_gy_leh_00_2022_p1,1,C317W211a,5,L03[C317W211a]
453143,0001_202425_bfr_allg_gy_leh_00_2022_p1,2,C317W211a,6,L03[C317W211a]
453143,0001_202425_bfr_allg_gy_leh_00_2022_p1,3,C317W211a,1,L03[C317W211a]
453143,0001_202425_bfr_allg_gy_leh_00_2022_p1,4,C317W211a,1,L03[C317W211a]
453143,0001_202425_bfr_allg_gy_leh_00_2022_p1,5,C317W211a,5,L03[C317W211a]
453143,0001_202425_bfr_allg_gy_leh_00_2022_p1,6,C317W211a,1,L03[C317W211a]
453143,0001_202425_bfr_allg_gy_leh_00_2022_p1,7,C317W211a,2,L03[C317W211a]
453143,0001_202425_bfr_allg_gy_leh_00_2022_p1,8,C317W211a,3,L03[C317W211a]
453143,0001_202425_bfr_allg_gy_leh_00_2022_p1,9,C317W211a,3,L03[C317W211a]
453143,0001_202425_bfr_allg_gy_leh_00_2022_p1,10,C317W211a,5,L03[C317W211a]
453143,0001_202425_bfr_allg_gy_leh_00_2022_p1,1,C317W211b,2,L03[C317W211b]
453143,0001_202425_bfr_allg_gy_leh_00_2022_p1,2,C317W211b,2,L03[C317W211b]
453143,0001_202425_bfr_allg_gy_leh_00_2022_p1,3,C317W211b,3,L03[C317W211b]
453143,0001_202425_bfr_allg_gy_leh_00_2022_p1,4,C317W211b,2,L03[C317W211b]
453143,0001_202425_bfr_allg_gy_leh_00_2022_p1,5,C317W211b,6,L03[C317W211b]
453143,0001_202425_bfr_allg_gy_leh_00_2022_p1,6,C317W211b,3,L03[C317W211b]
453143,0001_202425_bfr_allg_gy_leh_00_2022_p1,7,C317W211b,1,L03[C317W211b]
453143,0001_202425_bfr_allg_gy_leh_00_2022_p1,8,C317W211b,5,L03[C317W211b]
453143,0001_202425_bfr_allg_gy_leh_00_2022_p1,9,C317W211b,6,L03[C317W211b]
453143,0001_202425_bfr_allg_gy_leh_00_2022_p1,10,C317W211b,2,L03[C317W211b]
453143,0001_202425_bfr_allg_gy_leh_00_2022_p1,1,C231,6,L03[C231]
453143,0001_202425_bfr_allg_gy_leh_00_2022_p1,2,C231,5,L03[C231]
453143,0001_202425_bfr_allg_gy_leh_00_2022_p1,3,C231,6,L03[C231]
453143,0001_202425_bfr_allg_gy_leh_00_2022_p1,4,C231,5,L03[C231]
453143,0001_202425_bfr_allg_gy_leh_00_2022_p1,5,C231,2,L03[C231]
453143,0001_202425_bfr_allg_gy_leh_00_2022_p1,6,C231,5,L03[C231]
453143,0001_202425_bfr_allg_gy_leh_00_2022_p1,7,C231,5,L03[C231]
453143,0001_202425_bfr_allg_gy_leh_00_2022_p1,8,C231,4,L03[C231]
453143,0001_202425_bfr_allg_gy_leh_00_2022_p1,9,C231,6,L03[C231]
453143,0001_202425_bfr_allg_gy_leh_00_2022_p1,10,C231,2,L03[C231]
453143,0001_202425_bfr_allg_gy_leh_00_2022_p1,1,C232b,5,L03[C232b]
453143,0001_202425_bfr_allg_gy_leh_00_2022_p1,2,C232b,1,L03[C232b]
453143,0001_202425_bfr_allg_gy_leh_00_2022_p1,3,C232b,5,L03[C232b]
453143,0001_202425_bfr_allg_gy_leh_00_2022_p1,4,C232b,3,L03[C232b]
453143,0001_202425_bfr_allg_gy_leh_00_2022_p1,5,C232b,4,L03[C232b]
453143,0001_202425_bfr_allg_gy_leh_00_2022_p1,6,C232b,5,L03[C232b]
453143,0001_202425_bfr_allg_gy_leh_00_2022_p1,7,C232b,1,L03[C232b]
453143,0001_202425_bfr_allg_gy_leh_00_2022_p1,8,C232b,4,L03[C232b]
453143,0001_202425_bfr_allg_gy_leh_00_2022_p1,9,C232b,3,L03[C232b]
453143,0001_202425_bfr_allg_gy_leh_00_2022_p1,10,C232b,6,L03[C232b]
453143,0001_202425_bfr_allg_gy_leh_00_2022_p1,1,C232c,2,L03[C232c]
453143,0001_202425_bfr_allg_gy_leh_00_2022_p1,2,C232c,1,L03[C232c]
453143,0001_202425_bfr_allg_gy_leh_00_2022_p1,3,C232c,4,L03[C232c]
453143,0001_202425_bfr_allg_gy_leh_00_2022_p1,4,C232c,2,L03[C232c]
453143,0001_202425_bfr_allg_gy_leh_00_2022_p1,5,C232c,2,L03[C232c]
453143,0001_202425_bfr_allg_gy_leh_00_2022_p1,6,C232c,6,L03[C232c]
453143,0001_202425_bfr_allg_gy_leh_00_2022_p1,7,C232c,1,L03[C232c]
453143,0001_202425_bfr_allg_gy_leh_00_2022_p1,8,C232c,6,L03[C232c]
453143,0001_202425_bfr_allg_gy_leh_00_2022_p1,9,C232c,5,L03[C232c]
453143,0001_202425_bfr_allg_gy_leh_00_2022_p1,10,C232c,4,L03[C232c]
453143,0001_202425_bfr_allg_gy_leh_00_2022_p1,1,C223a,5,L03[C223a]
453143,0001_202425_bfr_allg_gy_leh_00_2022_p1,2,C223a,4,L03[C223a]
453143,0001_202425_bfr_allg_gy_leh_00_2022_p1,3,C223a,2,L03[C223a]
453143,0001_202425_bfr_allg_gy_leh_00_2022_p1,4,C223a,2,L03[C223a]
453143,0001_202425_bfr_allg_gy_leh_00_2022_p1,5,C223a,6,L03[C223a]
453143,0001_202425_bfr_allg_gy_leh_00_2022_p1,6,C223a,2,L03[C223a]
453143,0001_202425_bfr_allg_gy_leh_00_2022_p1,7,C223a,2,L03[C223a]
453143,0001_202425_bfr_allg_gy_leh_00_2022_p1,8,C223a,3,L03[C223a]
453143,0001_202425_bfr_allg_gy_leh_00_2022_p1,9,C223a,5,L03[C223a]
453143,0001_202425_bfr_allg_gy_leh_00_2022_p1,10,C223a,4,L03[C223a]
453143,0001_202425_bfr_allg_gy_leh_00_2022_p1,1,C222,3,L03[C222]
453143,0001_202425_bfr_allg_gy_leh_00_2022_p1,2,C222,1,L03[C222]
453143,0001_202425_bfr_allg_gy_leh_00_2022_p1,3,C222,3,L03[C222]
453143,0001_202425_bfr_allg_gy_leh_00_2022_p1,4,C222,5,L03[C222]
453143,0001_202425_bfr_allg_gy_leh_00_2022_p1,5,C222,2,L03[C222]
453143,0001_202425_bfr_allg_gy_leh_00_2022_p1,6,C222,2,L03[C222]
453143,0001_202425_bfr_allg_gy_leh_00_2022_p1,7,C222,1,L03[C222]
453143,0001_202425_bfr_allg_gy_leh_00_2022_p1,8,C222,4,L03[C222]
453143,0001_202425_bfr_allg_gy_leh_00_2022_p1,9,C222,2,L03[C222]
453143,0001_202425_bfr_allg_gy_leh_00_2022_p1,10,C222,5,L03[C222]
453143,0001_202425_bfr_allg_gy_leh_00_2022_p1,1,C223b,5,L03[C223b]
453143,0001_202425_bfr_allg_gy_leh_00_2022_p1,2,C223b,1,L03[C223b]
453143,0001_202425_bfr_allg_gy_leh_00_2022_p1,3,C223b,3,L03[C223b]
453143,0001_202425_bfr_allg_gy_leh_00_2022_p1,4,C223b,4,L03[C223b]
453143,0001_202425_bfr_allg_gy_leh_00_2022_p1,5,C223b,5,L03[C223b]
453143,0001_202425_bfr_allg_gy_leh_00_2022_p1,6,C223b,5,L03[C223b]
453143,0001_202425_bfr_allg_gy_leh_00_2022_p1,7,C223b,6,L03[C223b]
453143,0001_202425_bfr_allg_gy_leh_00_2022_p1,8,C223b,6,L03[C223b]
453143,0001_202425_bfr_allg_gy_leh_00_2022_p1,9,C223b,1,L03[C223b]
453143,0001_202425_bfr_allg_gy_leh_00_2022_p1,10,C223b,1,L03[C223b]
453143,0001_202425_bfr_allg_gy_leh_00_2022_p1,1,C211,5,L04[C211]
453143,0001_202425_bfr_allg_gy_leh_00_2022_p1,2,C211,5,L04[C211]
453143,0001_202425_bfr_allg_gy_leh_00_2022_p1,3,C211,4,L04[C211]
453143,0001_202425_bfr_allg_gy_leh_00_2022_p1,4,C211,4,L04[C211]
453143,0001_202425_bfr_allg_gy_leh_00_2022_p1,5,C211,3,L04[C211]
453143,0001_202425_bfr_allg_gy_leh_00_2022_p1,6,C211,3,L04[C211]
453143,0001_202425_bfr_allg_gy_leh_00_2022_p1,7,C211,5,L04[C211]
453143,0001_202425_bfr_allg_gy_leh_00_2022_p1,8,C211,5,L04[C211]
453143,0001_202425_bfr_allg_gy_leh_00_2022_p1,9,C211,2,L04[C211]
453143,0001_202425_bfr_allg_gy_leh_00_2022_p1,10,C211,1,L04[C211]
453143,0001_202425_bfr_allg_gy_leh_00_2022_p1,1,C212a,1,L04[C212a]
453143,0001_202425_bfr_allg_gy_leh_00_2022_p1,2,C212a,4,L04[C212a]
453143,0001_202425_bfr_allg_gy_leh_00_2022_p1,3,C212a,3,L04[C212a]
453143,0001_202425_bfr_allg_gy_leh_00_2022_p1,4,C212a,6,L04[C212a]
453143,0001_202425_bfr_allg_gy_leh_00_2022_p1,5,C212a,3,L04[C212a]
453143,0001_202425_bfr_allg_gy_leh_00_2022_p1,6,C212a,4,L04[C212a]
453143,0001_202425_bfr_allg_gy_leh_00_2022_p1,7,C212a,1,L04[C212a]
453143,0001_202425_bfr_allg_gy_leh_00_2022_p1,8,C212a,5,L04[C212a]
453143,0001_202425_bfr_allg_gy_leh_00_2022_p1,9,C212a,5,L04[C212a]
453143,0001_202425_bfr_allg_gy_leh_00_2022_p1,10,C212a,4,L04[C212a]
453143,0001_202425_bfr_allg_gy_leh_00_2022_p1,1,C212b,6,L04[C212b]
453143,0001_202425_bfr_allg_gy_leh_00_2022_p1,2,C212b,4,L04[C212b]
453143,0001_202425_bfr_allg_gy_leh_00_2022_p1,3,C212b,6,L04[C212b]
453143,0001_202425_bfr_allg_gy_leh_00_2022_p1,4,C212b,3,L04[C212b]
453143,0001_202425_bfr_allg_gy_leh_00_2022_p1,5,C212b,5,L04[C212b]
453143,0001_202425_bfr_allg_gy_leh_00_2022_p1,6,C212b,1,L04[C212b]
453143,0001_202425_bfr_allg_gy_leh_00_2022_p1,7,C212b,1,L04[C212b]
453143,0001_202425_bfr_allg_gy_leh_00_2022_p1,8,C212b,4,L04[C212b]
453143,0001_202425_bfr_allg_gy_leh_00_2022_p1,9,C212b,5,L04[C212b]
453143,0001_202425_bfr_allg_gy_leh_00_2022_p1,10,C212b,4,L04[C212b]
453143,0001_202425_bfr_allg_gy_leh_00_2022_p1,1,C212c,5,L04[C212c]
453143,0001_202425_bfr_allg_gy_leh_00_2022_p1,2,C212c,5,L04[C212c]
453143,0001_202425_bfr_allg_gy_leh_00_2022_p1,3,C212c,5,L04[C212c]
453143,0001_202425_bfr_allg_gy_leh_00_2022_p1,4,C212c,5,L04[C212c]
453143,0001_202425_bfr_allg_gy_leh_00_2022_p1,5,C212c,1,L04[C212c]
453143,0001_202425_bfr_allg_gy_leh_00_2022_p1,6,C212c,2,L04[C212c]
453143,0001_202425_bfr_allg_gy_leh_00_2022_p1,7,C212c,4,L04[C212c]
453143,0001_202425_bfr_allg_gy_leh_00_2022_p1,8,C212c,3,L04[C212c]
453143,0001_202425_bfr_allg_gy_leh_00_2022_p1,9,C212c,4,L04[C212c]
453143,0001_202425_bfr_allg_gy_leh_00_2022_p1,10,C212c,3,L04[C212c]
453143,0001_202425_bfr_allg_gy_leh_00_2022_p1,1,C224,3,L04[C224]
453143,0001_202425_bfr_allg_gy_leh_00_2022_p1,2,C224,1,L04[C224]
453143,0001_202425_bfr_allg_gy_leh_00_2022_p1,3,C224,6,L04[C224]
453143,0001_202425_bfr_allg_gy_leh_00_2022_p1,4,C224,3,L04[C224]
453143,0001_202425_bfr_allg_gy_leh_00_2022_p1,5,C224,1,L04[C224]
453143,0001_202425_bfr_allg_gy_leh_00_2022_p1,6,C224,3,L04[C224]
453143,0001_202425_bfr_allg_gy_leh_00_2022_p1,7,C224,1,L04[C224]
453143,0001_202425_bfr_allg_gy_leh_00_2022_p1,8,C224,5,L04[C224]
453143,0001_202425_bfr_allg_gy_leh_00_2022_p1,9,C224,2,L04[C224]
453143,0001_202425_bfr_allg_gy_leh_00_2022_p1,10,C224,2,L04[C224]
453143,0001_202425_bfr_allg_gy_leh_00_2022_p1,1,C215,6,L04[C215]
453143,0001_202425_bfr_allg_gy_leh_00_2022_p1,2,C215,3,L04[C215]
453143,0001_202425_bfr_allg_gy_leh_00_2022_p1,3,C215,3,L04[C215]
453143,0001_202425_bfr_allg_gy_leh_00_2022_p1,4,C215,3,L04[C215]
453143,0001_202425_bfr_allg_gy_leh_00_2022_p1,5,C215,4,L04[C215]
453143,0001_202425_bfr_allg_gy_leh_00_2022_p1,6,C215,1,L04[C215]
453143,0001_202425_bfr_allg_gy_leh_00_2022_p1,7,C215,2,L04[C215]
453143,0001_202425_bfr_allg_gy_leh_00_2022_p1,8,C215,3,L04[C215]
453143,0001_202425_bfr_allg_gy_leh_00_2022_p1,9,C215,5,L04[C215]
453143,0001_202425_bfr_allg_gy_leh_00_2022_p1,10,C215,1,L04[C215]
453143,0001_202425_bfr_allg_gy_leh_00_2022_p1,1,C131,4,L05[C131]
453143,0001_202425_bfr_allg_gy_leh_00_2022_p1,2,C131,2,L05[C131]
453143,0001_202425_bfr_allg_gy_leh_00_2022_p1,3,C131,4,L05[C131]
453143,0001_202425_bfr_allg_gy_leh_00_2022_p1,4,C131,4,L05[C131]
453143,0001_202425_bfr_allg_gy_leh_00_2022_p1,5,C131,6,L05[C131]
453143,0001_202425_bfr_allg_gy_leh_00_2022_p1,6,C131,6,L05[C131]
453143,0001_202425_bfr_allg_gy_leh_00_2022_p1,7,C131,5,L05[C131]
453143,0001_202425_bfr_allg_gy_leh_00_2022_p1,8,C131,6,L05[C131]
453143,0001_202425_bfr_allg_gy_leh_00_2022_p1,9,C131,3,L05[C131]
453143,0001_202425_bfr_allg_gy_leh_00_2022_p1,10,C131,5,L05[C131]
453143,0001_202425_bfr_allg_gy_leh_00_2022_p1,1,C132b,2,L05[C132b]
453143,0001_202425_bfr_allg_gy_leh_00_2022_p1,2,C132b,5,L05[C132b]
453143,0001_202425_bfr_allg_gy_leh_00_2022_p1,3,C132b,2,L05[C132b]
453143,0001_202425_bfr_allg_gy_leh_00_2022_p1,4,C132b,6,L05[C132b]
453143,0001_202425_bfr_allg_gy_leh_00_2022_p1,5,C132b,4,L05[C132b]
453143,0001_202425_bfr_allg_gy_leh_00_2022_p1,6,C132b,4,L05[C132b]
453143,0001_202425_bfr_allg_gy_leh_00_2022_p1,7,C132b,3,L05[C132b]
453143,0001_202425_bfr_allg_gy_leh_00_2022_p1,8,C132b,2,L05[C132b]
453143,0001_202425_bfr_allg_gy_leh_00_2022_p1,9,C132b,6,L05[C132b]
453143,0001_202425_bfr_allg_gy_leh_00_2022_p1,10,C132b,1,L05[C132b]
453143,0001_202425_bfr_allg_gy_leh_00_2022_p1,1,C124W222,5,L05[C124W222]
453143,0001_202425_bfr_allg_gy_leh_00_2022_p1,2,C124W222,2,L05[C124W222]
453143,0001_202425_bfr_allg_gy_leh_00_2022_p1,3,C124W222,4,L05[C124W222]
453143,0001_202425_bfr_allg_gy_leh_00_2022_p1,4,C124W222,3,L05[C124W222]
453143,0001_202425_bfr_allg_gy_leh_00_2022_p1,5,C124W222,6,L05[C124W222]
453143,0001_202425_bfr_allg_gy_leh_00_2022_p1,6,C124W222,6,L05[C124W222]
453143,0001_202425_bfr_allg_gy_leh_00_2022_p1,7,C124W222,2,L05[C124W222]
453143,0001_202425_bfr_allg_gy_leh_00_2022_p1,8,C124W222,3,L05[C124W222]
453143,0001_202425_bfr_allg_gy_leh_00_2022_p1,9,C124W222,2,L05[C124W222]
453143,0001_202425_bfr_allg_gy_leh_00_2022_p1,10,C124W222,2,L05[C124W222]
453143,0001_202425_bfr_allg_gy_leh_00_2022_p1,1,C122W112,4,L05[C122W112]
453143,0001_202425_bfr_allg_gy_leh_00_2022_p1,2,C122W112,2,L05[C122W112]
453143,0001_202425_bfr_allg_gy_leh_00_2022_p1,3,C122W112,4,L05[C122W112]
453143,0001_202425_bfr_allg_gy_leh_00_2022_p1,4,C122W112,2,L05[C122W112]
453143,0001_202425_bfr_allg_gy_leh_00_2022_p1,5,C122W112,4,L05[C122W112]
453143,0001_202425_bfr_allg_gy_leh_00_2022_p1,6,C122W112,4,L05[C122W112]
453143,0001_202425_bfr_allg_gy_leh_00_2022_p1,7,C122W112,3,L05[C122W112]
453143,0001_202425_bfr_allg_gy_leh_00_2022_p1,8,C122W112,5,L05[C122W112]
453143,0001_202425_bfr_allg_gy_leh_00_2022_p1,9,C122W112,2,L05[C122W112]
453143,0001_202425_bfr_allg_gy_leh_00_2022_p1,10,C122W112,4,L05[C122W112]
453143,0001_202425_bfr_allg_gy_leh_00_2022_p1,1,D233,5,L06[D233]
453143,0001_202425_bfr_allg_gy_leh_00_2022_p1,2,D233,4,L06[D233]
453143,0001_202425_bfr_allg_gy_leh_00_2022_p1,3,D233,3,L06[D233]
453143,0001_202425_bfr_allg_gy_leh_00_2022_p1,4,D233,2,L06[D233]
453143,0001_202425_bfr_allg_gy_leh_00_2022_p1,5,D233,1,L06[D233]
453143,0001_202425_bfr_allg_gy_leh_00_2022_p1,6,D233,6,L06[D233]
453143,0001_202425_bfr_allg_gy_leh_00_2022_p1,7,D233,4,L06[D233]
453143,0001_202425_bfr_allg_gy_leh_00_2022_p1,8,D233,6,L06[D233]
453143,0001_202425_bfr_allg_gy_leh_00_2022_p1,9,D233,3,L06[D233]
453143,0001_202425_bfr_allg_gy_leh_00_2022_p1,10,D233,3,L06[D233]
453143,0001_202425_bfr_allg_gy_leh_00_2022_p1,1,D232,6,L06[D232]
453143,0001_202425_bfr_allg_gy_leh_00_2022_p1,2,D232,4,L06[D232]
453143,0001_202425_bfr_allg_gy_leh_00_2022_p1,3,D232,6,L06[D232]
453143,0001_202425_bfr_allg_gy_leh_00_2022_p1,4,D232,2,L06[D232]
453143,0001_202425_bfr_allg_gy_leh_00_2022_p1,5,D232,5,L06[D232]
453143,0001_202425_bfr_allg_gy_leh_00_2022_p1,6,D232,2,L06[D232]
453143,0001_202425_bfr_allg_gy_leh_00_2022_p1,7,D232,4,L06[D232]
453143,0001_202425_bfr_allg_gy_leh_00_2022_p1,8,D232,2,L06[D232]
453143,0001_202425_bfr_allg_gy_leh_00_2022_p1,9,D232,6,L06[D232]
453143,0001_202425_bfr_allg_gy_leh_00_2022_p1,10,D232,6,L06[D232]
453143,0001_202425_bfr_allg_gy_leh_00_2022_p1,1,D221,5,L06[D221]
453143,0001_202425_bfr_allg_gy_leh_00_2022_p1,2,D221,1,L06[D221]
453143,0001_202425_bfr_allg_gy_leh_00_2022_p1,3,D221,5,L06[D221]
453143,0001_202425_bfr_allg_gy_leh_00_2022_p1,4,D221,1,L06[D221]
453143,0001_202425_bfr_allg_gy_leh_00_2022_p1,5,D221,5,L06[D221]
453143,0001_202425_bfr_allg_gy_leh_00_2022_p1,6,D221,1,L06[D221]
453143,0001_202425_bfr_allg_gy_leh_00_2022_p1,7,D221,5,L06[D221]
453143,0001_202425_bfr_allg_gy_leh_00_2022_p1,8,D221,2,L06[D221]
453143,0001_202425_bfr_allg_gy_leh_00_2022_p1,9,D221,3,L06[D221]
453143,0001_202425_bfr_allg_gy_leh_00_2022_p1,10,D221,4,L06[D221]
453143,0001_202425_bfr_allg_gy_leh_00_2022_p1,1,D211,2,L07[D211]
453143,0001_202425_bfr_allg_gy_leh_00_2022_p1,2,D211,5,L07[D211]
453143,0001_202425_bfr_allg_gy_leh_00_2022_p1,3,D211,4,L07[D211]
453143,0001_202425_bfr_allg_gy_leh_00_2022_p1,4,D211,1,L07[D211]
453143,0001_202425_bfr_allg_gy_leh_00_2022_p1,5,D211,3,L07[D211]
453143,0001_202425_bfr_allg_gy_leh_00_2022_p1,6,D211,4,L07[D211]
453143,0001_202425_bfr_allg_gy_leh_00_2022_p1,7,D211,3,L07[D211]
453143,0001_202425_bfr_allg_gy_leh_00_2022_p1,8,D211,1,L07[D211]
453143,0001_202425_bfr_allg_gy_leh_00_2022_p1,9,D211,6,L07[D211]
453143,0001_202425_bfr_allg_gy_leh_00_2022_p1,10,D211,1,L07[D211]
453143,0001_202425_bfr_allg_gy_leh_00_2022_p1,1,D212,3,L07[D212]
453143,0001_202425_bfr_allg_gy_leh_00_2022_p1,2,D212,4,L07[D212]
453143,0001_202425_bfr_allg_gy_leh_00_2022_p1,3,D212,6,L07[D212]
453143,0001_202425_bfr_allg_gy_leh_00_2022_p1,4,D212,1,L07[D212]
453143,0001_202425_bfr_allg_gy_leh_00_2022_p1,5,D212,5,L07[D212]
453143,0001_202425_bfr_allg_gy_leh_00_2022_p1,6,D212,3,L07[D212]
453143,0001_202425_bfr_allg_gy_leh_00_2022_p1,7,D212,3,L07[D212]
453143,0001_202425_bfr_allg_gy_leh_00_2022_p1,8,D212,6,L07[D212]
453143,0001_202425_bfr_allg_gy_leh_00_2022_p1,9,D212,6,L07[D212]
453143,0001_202425_bfr_allg_gy_leh_00_2022_p1,10,D212,3,L07[D212]
453143,0001_202425_bfr_allg_gy_leh_00_2022_p1,1,D213,5,L07[D213]
453143,0001_202425_bfr_allg_gy_leh_00_2022_p1,2,D213,6,L07[D213]
453143,0001_202425_bfr_allg_gy_leh_00_2022_p1,3,D213,6,L07[D213]
453143,0001_202425_bfr_allg_gy_leh_00_2022_p1,4,D213,3,L07[D213]
453143,0001_202425_bfr_allg_gy_leh_00_2022_p1,5,D213,2,L07[D213]
453143,0001_202425_bfr_allg_gy_leh_00_2022_p1,6,D213,5,L07[D213]
453143,0001_202425_bfr_allg_gy_leh_00_2022_p1,7,D213,6,L07[D213]
453143,0001_202425_bfr_allg_gy_leh_00_2022_p1,8,D213,1,L07[D213]
453143,0001_202425_bfr_allg_gy_leh_00_2022_p1,9,D213,5,L07[D213]
453143,0001_202425_bfr_allg_gy_leh_00_2022_p1,10,D213,5,L07[D213]
453143,0001_202425_bfr_allg_gy_leh_00_2022_p1,1,D121a,3,L08[D121a]
453143,0001_202425_bfr_allg_gy_leh_00_2022_p1,2,D121a,4,L08[D121a]
453143,0001_202425_bfr_allg_gy_leh_00_2022_p1,3,D121a,5,L08[D121a]
453143,0001_202425_bfr_allg_gy_leh_00_2022_p1,4,D121a,3,L08[D121a]
453143,0001_202425_bfr_allg_gy_leh_00_2022_p1,5,D121a,6,L08[D121a]
453143,0001_202425_bfr_allg_gy_leh_00_2022_p1,6,D121a,4,L08[D121a]
453143,0001_202425_bfr_allg_gy_leh_00_2022_p1,7,D121a,3,L08[D121a]
453143,0001_202425_bfr_allg_gy_leh_00_2022_p1,8,D121a,1,L08[D121a]
453143,0001_202425_bfr_allg_gy_leh_00_2022_p1,9,D121a,1,L08[D121a]
453143,0001_202425_bfr_allg_gy_leh_00_2022_p1,10,D121a,5,L08[D121a]
453143,0001_202425_bfr_allg_gy_leh_00_2022_p1,1,D121b,3,L08[D121b]
453143,0001_202425_bfr_allg_gy_leh_00_2022_p1,2,D121b,1,L08[D121b]
453143,0001_202425_bfr_allg_gy_leh_00_2022_p1,3,D121b,4,L08[D121b]
453143,0001_202425_bfr_allg_gy_leh_00_2022_p1,4,D121b,2,L08[D121b]
453143,0001_202425_bfr_allg_gy_leh_00_2022_p1,5,D121b,4,L08[D121b]
453143,0001_202425_bfr_allg_gy_leh_00_2022_p1,6,D121b,2,L08[D121b]
453143,0001_202425_bfr_allg_gy_leh_00_2022_p1,7,D121b,5,L08[D121b]
453143,0001_202425_bfr_allg_gy_leh_00_2022_p1,8,D121b,5,L08[D121b]
453143,0001_202425_bfr_allg_gy_leh_00_2022_p1,9,D121b,1,L08[D121b]
453143,0001_202425_bfr_allg_gy_leh_00_2022_p1,10,D121b,3,L08[D121b]
453143,0001_202425_bfr_allg_gy_leh_00_2022_p1,1,D121c,3,L08[D121c]
453143,0001_202425_bfr_allg_gy_leh_00_2022_p1,2,D121c,2,L08[D121c]
453143,0001_202425_bfr_allg_gy_leh_00_2022_p1,3,D121c,4,L08[D121c]
453143,0001_202425_bfr_allg_gy_leh_00_2022_p1,4,D121c,2,L08[D121c]
453143,0001_202425_bfr_allg_gy_leh_00_2022_p1,5,D121c,3,L08[D121c]
453143,0001_202425_bfr_allg_gy_leh_00_2022_p1,6,D121c,4,L08[D121c]
453143,0001_202425_bfr_allg_gy_leh_00_2022_p1,7,D121c,5,L08[D121c]
453143,0001_202425_bfr_allg_gy_leh_00_2022_p1,8,D121c,5,L08[D121c]
453143,0001_202425_bfr_allg_gy_leh_00_2022_p1,9,D121c,1,L08[D121c]
453143,0001_202425_bfr_allg_gy_leh_00_2022_p1,10,D121c,1,L08[D121c]
453143,0001_202425_bfr_allg_gy_leh_00_2022_p1,1,D122,6,L08[D122]
453143,0001_202425_bfr_allg_gy_leh_00_2022_p1,2,D122,3,L08[D122]
453143,0001_202425_bfr_allg_gy_leh_00_2022_p1,3,D122,3,L08[D122]
453143,0001_202425_bfr_allg_gy_leh_00_2022_p1,4,D122,2,L08[D122]
453143,0001_202425_bfr_allg_gy_leh_00_2022_p1,5,D122,2,L08[D122]
453143,0001_202425_bfr_allg_gy_leh_00_2022_p1,6,D122,6,L08[D122]
453143,0001_202425_bfr_allg_gy_leh_00_2022_p1,7,D122,1,L08[D122]
453143,0001_202425_bfr_allg_gy_leh_00_2022_p1,8,D122,4,L08[D122]
453143,0001_202425_bfr_allg_gy_leh_00_2022_p1,9,D122,1,L08[D122]
453143,0001_202425_bfr_allg_gy_leh_00_2022_p1,10,D122,6,L08[D122]
453143,0001_202425_bfr_allg_gy_leh_00_2022_p1,1,D124,5,L08[D124]
453143,0001_202425_bfr_allg_gy_leh_00_2022_p1,2,D124,1,L08[D124]
453143,0001_202425_bfr_allg_gy_leh_00_2022_p1,3,D124,4,L08[D124]
453143,0001_202425_bfr_allg_gy_leh_00_2022_p1,4,D124,4,L08[D124]
453143,0001_202425_bfr_allg_gy_leh_00_2022_p1,5,D124,1,L08[D124]
453143,0001_202425_bfr_allg_gy_leh_00_2022_p1,6,D124,4,L08[D124]
453143,0001_202425_bfr_allg_gy_leh_00_2022_p1,7,D124,4,L08[D124]
453143,0001_202425_bfr_allg_gy_leh_00_2022_p1,8,D124,6,L08[D124]
453143,0001_202425_bfr_allg_gy_leh_00_2022_p1,9,D124,3,L08[D124]
453143,0001_202425_bfr_allg_gy_leh_00_2022_p1,10,D124,6,L08[D124]
453143,0001_202425_bfr_allg_gy_leh_00_2022_p1,1,C341,4,L08[C341]
453143,0001_202425_bfr_allg_gy_leh_00_2022_p1,2,C341,3,L08[C341]
453143,0001_202425_bfr_allg_gy_leh_00_2022_p1,3,C341,4,L08[C341]
453143,0001_202425_bfr_allg_gy_leh_00_2022_p1,4,C341,6,L08[C341]
453143,0001_202425_bfr_allg_gy_leh_00_2022_p1,5,C341,4,L08[C341]
453143,0001_202425_bfr_allg_gy_leh_00_2022_p1,6,C341,4,L08[C341]
453143,0001_202425_bfr_allg_gy_leh_00_2022_p1,7,C341,3,L08[C341]
453143,0001_202425_bfr_allg_gy_leh_00_2022_p1,8,C341,5,L08[C341]
453143,0001_202425_bfr_allg_gy_leh_00_2022_p1,9,C341,5,L08[C341]
453143,0001_202425_bfr_allg_gy_leh_00_2022_p1,10,C341,2,L08[C341]
453143,0001_202425_bfr_allg_gy_leh_00_2022_p1,1,D131a,4,L08[D131a]
453143,0001_202425_bfr_allg_gy_leh_00_2022_p1,2,D131a,3,L08[D131a]
453143,0001_202425_bfr_allg_gy_leh_00_2022_p1,3,D131a,5,L08[D131a]
453143,0001_202425_bfr_allg_gy_leh_00_2022_p1,4,D131a,5,L08[D131a]
453143,0001_202425_bfr_allg_gy_leh_00_2022_p1,5,D131a,4,L08[D131a]
453143,0001_202425_bfr_allg_gy_leh_00_2022_p1,6,D131a,6,L08[D131a]
453143,0001_202425_bfr_allg_gy_leh_00_2022_p1,7,D131a,1,L08[D131a]
453143,0001_202425_bfr_allg_gy_leh_00_2022_p1,8,D131a,5,L08[D131a]
453143,0001_202425_bfr_allg_gy_leh_00_2022_p1,9,D131a,3,L08[D131a]
453143,0001_202425_bfr_allg_gy_leh_00_2022_p1,10,D131a,3,L08[D131a]
453143,0001_202425_bfr_allg_gy_leh_00_2022_p1,1,D131b,2,L08[D131b]
453143,0001_202425_bfr_allg_gy_leh_00_2022_p1,2,D131b,1,L08[D131b]
453143,0001_202425_bfr_allg_gy_leh_00_2022_p1,3,D131b,1,L08[D131b]
453143,0001_202425_bfr_allg_gy_leh_00_2022_p1,4,D131b,4,L08[D131b]
453143,0001_202425_bfr_allg_gy_leh_00_2022_p1,5,D131b,5,L08[D131b]
453143,0001_202425_bfr_allg_gy_leh_00_2022_p1,6,D131b,2,L08[D131b]
453143,0001_202425_bfr_allg_gy_leh_00_2022_p1,7,D131b,2,L08[D131b]
453143,0001_202425_bfr_allg_gy_leh_00_2022_p1,8,D131b,1,L08[D131b]
453143,0001_202425_bfr_allg_gy_leh_00_2022_p1,9,D131b,3,L08[D131b]
453143,0001_202425_bfr_allg_gy_leh_00_2022_p1,10,D131b,3,L08[D131b]
453143,0001_202425_bfr_allg_gy_leh_00_2022_p1,1,D132,2,L08[D132]
453143,0001_202425_bfr_allg_gy_leh_00_2022_p1,2,D132,5,L08[D132]
453143,0001_202425_bfr_allg_gy_leh_00_2022_p1,3,D132,2,L08[D132]
453143,0001_202425_bfr_allg_gy_leh_00_2022_p1,4,D132,1,L08[D132]
453143,0001_202425_bfr_allg_gy_leh_00_2022_p1,5,D132,1,L08[D132]
453143,0001_202425_bfr_allg_gy_leh_00_2022_p1,6,D132,6,L08[D132]
453143,0001_202425_bfr_allg_gy_leh_00_2022_p1,7,D132,1,L08[D132]
453143,0001_202425_bfr_allg_gy_leh_00_2022_p1,8,D132,4,L08[D132]
453143,0001_202425_bfr_allg_gy_leh_00_2022_p1,9,D132,3,L08[D132]
453143,0001_202425_bfr_allg_gy_leh_00_2022_p1,10,D132,6,L08[D132]
453143,0001_202425_bfr_allg_gy_leh_00_2022_p1,1,D111a,4,L09[D111a]
453143,0001_202425_bfr_allg_gy_leh_00_2022_p1,2,D111a,6,L09[D111a]
453143,0001_202425_bfr_allg_gy_leh_00_2022_p1,3,D111a,3,L09[D111a]
453143,0001_202425_bfr_allg_gy_leh_00_2022_p1,4,D111a,3,L09[D111a]
453143,0001_202425_bfr_allg_gy_leh_00_2022_p1,5,D111a,5,L09[D111a]
453143,0001_202425_bfr_allg_gy_leh_00_2022_p1,6,D111a,6,L09[D111a]
453143,0001_202425_bfr_allg_gy_leh_00_2022_p1,7,D111a,6,L09[D111a]
453143,0001_202425_bfr_allg_gy_leh_00_2022_p1,8,D111a,4,L09[D111a]
453143,0001_202425_bfr_allg_gy_leh_00_2022_p1,9,D111a,5,L09[D111a]
453143,0001_202425_bfr_allg_gy_leh_00_2022_p1,10,D111a,6,L09[D111a]
453143,0001_202425_bfr_allg_gy_leh_00_2022_p1,1,D111b,6,L09[D111b]
453143,0001_202425_bfr_allg_gy_leh_00_2022_p1,2,D111b,2,L09[D111b]
453143,0001_202425_bfr_allg_gy_leh_00_2022_p1,3,D111b,6,L09[D111b]
453143,0001_202425_bfr_allg_gy_leh_00_2022_p1,4,D111b,1,L09[D111b]
453143,0001_202425_bfr_allg_gy_leh_00_2022_p1,5,D111b,3,L09[D111b]
453143,0001_202425_bfr_allg_gy_leh_00_2022_p1,6,D111b,5,L09[D111b]
453143,0001_202425_bfr_allg_gy_leh_00_2022_p1,7,D111b,3,L09[D111b]
453143,0001_202425_bfr_allg_gy_leh_00_2022_p1,8,D111b,5,L09[D111b]
453143,0001_202425_bfr_allg_gy_leh_00_2022_p1,9,D111b,2,L09[D111b]
453143,0001_202425_bfr_allg_gy_leh_00_2022_p1,10,D111b,2,L09[D111b]
453143,0001_202425_bfr_allg_gy_leh_00_2022_p1,1,D111c,5,L09[D111c]
453143,0001_202425_bfr_allg_gy_leh_00_2022_p1,2,D111c,3,L09[D111c]
453143,0001_202425_bfr_allg_gy_leh_00_2022_p1,3,D111c,3,L09[D111c]
453143,0001_202425_bfr_allg_gy_leh_00_2022_p1,4,D111c,3,L09[D111c]
453143,0001_202425_bfr_allg_gy_leh_00_2022_p1,5,D111c,4,L09[D111c]
453143,0001_202425_bfr_allg_gy_leh_00_2022_p1,6,D111c,1,L09[D111c]
453143,0001_202425_bfr_allg_gy_leh_00_2022_p1,7,D111c,1,L09[D111c]
453143,0001_202425_bfr_allg_gy_leh_00_2022_p1,8,D111c,5,L09[D111c]
453143,0001_202425_bfr_allg_gy_leh_00_2022_p1,9,D111c,5,L09[D111c]
453143,0001_202425_bfr_allg_gy_leh_00_2022_p1,10,D111c,5,L09[D111c]
453143,0001_202425_bfr_allg_gy_leh_00_2022_p1,1,D111d,1,L09[D111d]
453143,0001_202425_bfr_allg_gy_leh_00_2022_p1,2,D111d,4,L09[D111d]
453143,0001_202425_bfr_allg_gy_leh_00_2022_p1,3,D111d,6,L09[D111d]
453143,0001_202425_bfr_allg_gy_leh_00_2022_p1,4,D111d,3,L09[D111d]
453143,0001_202425_bfr_allg_gy_leh_00_2022_p1,5,D111d,5,L09[D111d]
453143,0001_202425_bfr_allg_gy_leh_00_2022_p1,6,D111d,1,L09[D111d]
453143,0001_202425_bfr_allg_gy_leh_00_2022_p1,7,D111d,1,L09[D111d]
453143,0001_202425_bfr_allg_gy_leh_00_2022_p1,8,D111d,5,L09[D111d]
453143,0001_202425_bfr_allg_gy_leh_00_2022_p1,9,D111d,6,L09[D111d]
453143,0001_202425_bfr_allg_gy_leh_00_2022_p1,10,D111d,1,L09[D111d]
453143,0001_202425_bfr_allg_gy_leh_00_2022_p1,1,A511W131,5,L10[A511W131]
453143,0001_202425_bfr_allg_gy_leh_00_2022_p1,2,A511W131,2,L10[A511W131]
453143,0001_202425_bfr_allg_gy_leh_00_2022_p1,3,A511W131,5,L10[A511W131]
453143,0001_202425_bfr_allg_gy_leh_00_2022_p1,4,A511W131,6,L10[A511W131]
453143,0001_202425_bfr_allg_gy_leh_00_2022_p1,5,A511W131,3,L10[A511W131]
453143,0001_202425_bfr_allg_gy_leh_00_2022_p1,6,A511W131,4,L10[A511W131]
453143,0001_202425_bfr_allg_gy_leh_00_2022_p1,7,A511W131,5,L10[A511W131]
453143,0001_202425_bfr_allg_gy_leh_00_2022_p1,8,A511W131,2,L10[A511W131]
453143,0001_202425_bfr_allg_gy_leh_00_2022_p1,9,A511W131,4,L10[A511W131]
453143,0001_202425_bfr_allg_gy_leh_00_2022_p1,10,A511W131,3,L10[A511W131]
453143,0001_202425_bfr_allg_gy_leh_00_2022_p1,1,A512a,5,L10[A512a]
453143,0001_202425_bfr_allg_gy_leh_00_2022_p1,2,A512a,6,L10[A512a]
453143,0001_202425_bfr_allg_gy_leh_00_2022_p1,3,A512a,6,L10[A512a]
453143,0001_202425_bfr_allg_gy_leh_00_2022_p1,4,A512a,5,L10[A512a]
453143,0001_202425_bfr_allg_gy_leh_00_2022_p1,5,A512a,2,L10[A512a]
453143,0001_202425_bfr_allg_gy_leh_00_2022_p1,6,A512a,2,L10[A512a]
453143,0001_202425_bfr_allg_gy_leh_00_2022_p1,7,A512a,4,L10[A512a]
453143,0001_202425_bfr_allg_gy_leh_00_2022_p1,8,A512a,5,L10[A512a]
453143,0001_202425_bfr_allg_gy_leh_00_2022_p1,9,A512a,5,L10[A512a]
453143,0001_202425_bfr_allg_gy_leh_00_2022_p1,10,A512a,6,L10[A512a]
453143,0001_202425_bfr_allg_gy_leh_00_2022_p1,1,A515W143a,5,L10[A515W143a]
453143,0001_202425_bfr_allg_gy_leh_00_2022_p1,2,A515W143a,2,L10[A515W143a]
453143,0001_202425_bfr_allg_gy_leh_00_2022_p1,3,A515W143a,2,L10[A515W143a]
453143,0001_202425_bfr_allg_gy_leh_00_2022_p1,4,A515W143a,2,L10[A515W143a]
453143,0001_202425_bfr_allg_gy_leh_00_2022_p1,5,A515W143a,6,L10[A515W143a]
453143,0001_202425_bfr_allg_gy_leh_00_2022_p1,6,A515W143a,2,L10[A515W143a]
453143,0001_202425_bfr_allg_gy_leh_00_2022_p1,7,A515W143a,1,L10[A515W143a]
453143,0001_202425_bfr_allg_gy_leh_00_2022_p1,8,A515W143a,1,L10[A515W143a]
453143,0001_202425_bfr_allg_gy_leh_00_2022_p1,9,A515W143a,5,L10[A515W143a]
453143,0001_202425_bfr_allg_gy_leh_00_2022_p1,10,A515W143a,5,L10[A515W143a]
453143,0001_202425_bfr_allg_gy_leh_00_2022_p1,1,A515W143b,2,L10[A515W143b]
453143,0001_202425_bfr_allg_gy_leh_00_2022_p1,2,A515W143b,6,L10[A515W143b]
453143,0001_202425_bfr_allg_gy_leh_00_2022_p1,3,A515W143b,2,L10[A515W143b]
453143,0001_202425_bfr_allg_gy_leh_00_2022_p1,4,A515W143b,1,L10[A515W143b]
453143,0001_202425_bfr_allg_gy_leh_00_2022_p1,5,A515W143b,1,L10[A515W143b]
453143,0001_202425_bfr_allg_gy_leh_00_2022_p1,6,A515W143b,1,L10[A515W143b]
453143,0001_202425_bfr_allg_gy_leh_00_2022_p1,7,A515W143b,2,L10[A515W143b]
453143,0001_202425_bfr_allg_gy_leh_00_2022_p1,8,A515W143b,3,L10[A515W143b]
453143,0001_202425_bfr_allg_gy_leh_00_2022_p1,9,A515W143b,2,L10[A515W143b]
453143,0001_202425_bfr_allg_gy_leh_00_2022_p1,10,A515W143b,5,L10[A515W143b]
453143,0001_202425_bfr_allg_gy_leh_00_2022_p1,1,A515W143c,2,L10[A515W143c]
453143,0001_202425_bfr_allg_gy_leh_00_2022_p1,2,A515W143c,3,L10[A515W143c]
453143,0001_202425_bfr_allg_gy_leh_00_2022_p1,3,A515W143c,6,L10[A515W143c]
453143,0001_202425_bfr_allg_gy_leh_00_2022_p1,4,A515W143c,5,L10[A515W143c]
453143,0001_202425_bfr_allg_gy_leh_00_2022_p1,5,A515W143c,2,L10[A515W143c]
453143,0001_202425_bfr_allg_gy_leh_00_2022_p1,6,A515W143c,2,L10[A515W143c]
453143,0001_202425_bfr_allg_gy_leh_00_2022_p1,7,A515W143c,2,L10[A515W143c]
453143,0001_202425_bfr_allg_gy_leh_00_2022_p1,8,A515W143c,6,L10[A515W143c]
453143,0001_202425_bfr_allg_gy_leh_00_2022_p1,9,A515W143c,5,L10[A515W143c]
453143,0001_202425_bfr_allg_gy_leh_00_2022_p1,10,A515W143c,5,L10[A515W143c]
453143,0001_202425_bfr_allg_gy_leh_00_2022_p1,1,A534,2,L10[A534]
453143,0001_202425_bfr_allg_gy_leh_00_2022_p1,2,A534,5,L10[A534]
453143,0001_202425_bfr_allg_gy_leh_00_2022_p1,3,A534,2,L10[A534]
453143,0001_202425_bfr_allg_gy_leh_00_2022_p1,4,A534,6,L10[A534]
453143,0001_202425_bfr_allg_gy_leh_00_2022_p1,5,A534,5,L10[A534]
453143,0001_202425_bfr_allg_gy_leh_00_2022_p1,6,A534,1,L10[A534]
453143,0001_202425_bfr_allg_gy_leh_00_2022_p1,7,A534,5,L10[A534]
453143,0001_202425_bfr_allg_gy_leh_00_2022_p1,8,A534,2,L10[A534]
453143,0001_202425_bfr_allg_gy_leh_00_2022_p1,9,A534,2,L10[A534]
453143,0001_202425_bfr_allg_gy_leh_00_2022_p1,10,A534,1,L10[A534]
453143,0001_202425_bfr_allg_gy_leh_00_2022_p1,1,A512b,3,L10[A512b]
453143,0001_202425_bfr_allg_gy_leh_00_2022_p1,2,A512b,1,L10[A512b]
453143,0001_202425_bfr_allg_gy_leh_00_2022_p1,3,A512b,4,L10[A512b]
453143,0001_202425_bfr_allg_gy_leh_00_2022_p1,4,A512b,3,L10[A512b]
453143,0001_202425_bfr_allg_gy_leh_00_2022_p1,5,A512b,5,L10[A512b]
453143,0001_202425_bfr_allg_gy_leh_00_2022_p1,6,A512b,1,L10[A512b]
453143,0001_202425_bfr_allg_gy_leh_00_2022_p1,7,A512b,2,L10[A512b]
453143,0001_202425_bfr_allg_gy_leh_00_2022_p1,8,A512b,5,L10[A512b]
453143,0001_202425_bfr_allg_gy_leh_00_2022_p1,9,A512b,3,L10[A512b]
453143,0001_202425_bfr_allg_gy_leh_00_2022_p1,10,A512b,4,L10[A512b]
453143,0001_202425_bfr_allg_gy_leh_00_2022_p1,1,D316W235,2,L11[D316W235]
453143,0001_202425_bfr_allg_gy_leh_00_2022_p1,2,D316W235,3,L11[D316W235]
453143,0001_202425_bfr_allg_gy_leh_00_2022_p1,3,D316W235,4,L11[D316W235]
453143,0001_202425_bfr_allg_gy_leh_00_2022_p1,4,D316W235,1,L11[D316W235]
453143,0001_202425_bfr_allg_gy_leh_00_2022_p1,5,D316W235,4,L11[D316W235]
453143,0001_202425_bfr_allg_gy_leh_00_2022_p1,6,D316W235,5,L11[D316W235]
453143,0001_202425_bfr_allg_gy_leh_00_2022_p1,7,D316W235,3,L11[D316W235]
453143,0001_202425_bfr_allg_gy_leh_00_2022_p1,8,D316W235,2,L11[D316W235]
453143,0001_202425_bfr_allg_gy_leh_00_2022_p1,9,D316W235,3,L11[D316W235]
453143,0001_202425_bfr_allg_gy_leh_00_2022_p1,10,D316W235,1,L11[D316W235]
453143,0001_202425_bfr_allg_gy_leh_00_2022_p1,1,D112W231,6,L11[D112W231]
453143,0001_202425_bfr_allg_gy_leh_00_2022_p1,2,D112W231,3,L11[D112W231]
453143,0001_202425_bfr_allg_gy_leh_00_2022_p1,3,D112W231,1,L11[D112W231]
453143,0001_202425_bfr_allg_gy_leh_00_2022_p1,4,D112W231,3,L11[D112W231]
453143,0001_202425_bfr_allg_gy_leh_00_2022_p1,5,D112W231,6,L11[D112W231]
453143,0001_202425_bfr_allg_gy_leh_00_2022_p1,6,D112W231,2,L11[D112W231]
453143,0001_202425_bfr_allg_gy_leh_00_2022_p1,7,D112W231,5,L11[D112W231]
453143,0001_202425_bfr_allg_gy_leh_00_2022_p1,8,D112W231,5,L11[D112W231]
453143,0001_202425_bfr_allg_gy_leh_00_2022_p1,9,D112W231,5,L11[D112W231]
453143,0001_202425_bfr_allg_gy_leh_00_2022_p1,10,D112W231,6,L11[D112W231]
453143,0001_202425_bfr_allg_gy_leh_00_2022_p1,1,D123W232a,2,L11[D123W232a]
453143,0001_202425_bfr_allg_gy_leh_00_2022_p1,2,D123W232a,5,L11[D123W232a]
453143,0001_202425_bfr_allg_gy_leh_00_2022_p1,3,D123W232a,3,L11[D123W232a]
453143,0001_202425_bfr_allg_gy_leh_00_2022_p1,4,D123W232a,5,L11[D123W232a]
453143,0001_202425_bfr_allg_gy_leh_00_2022_p1,5,D123W232a,5,L11[D123W232a]
453143,0001_202425_bfr_allg_gy_leh_00_2022_p1,6,D123W232a,3,L11[D123W232a]
453143,0001_202425_bfr_allg_gy_leh_00_2022_p1,7,D123W232a,3,L11[D123W232a]
453143,0001_202425_bfr_allg_gy_leh_00_2022_p1,8,D123W232a,4,L11[D123W232a]
453143,0001_202425_bfr_allg_gy_leh_00_2022_p1,9,D123W232a,4,L11[D123W232a]
453143,0001_202425_bfr_allg_gy_leh_00_2022_p1,10,D123W232a,3,L11[D123W232a]
453143,0001_202425_bfr_allg_gy_leh_00_2022_p1,1,D123W232b,1,L11[D123W232b]
453143,0001_202425_bfr_allg_gy_leh_00_2022_p1,2,D123W232b,3,L11[D123W232b]
453143,0001_202425_bfr_allg_gy_leh_00_2022_p1,3,D123W232b,6,L11[D123W232b]
453143,0001_202425_bfr_allg_gy_leh_00_2022_p1,4,D123W232b,6,L11[D123W232b]
453143,0001_202425_bfr_allg_gy_leh_00_2022_p1,5,D123W232b,5,L11[D123W232b]
453143,0001_202425_bfr_allg_gy_leh_00_2022_p1,6,D123W232b,5,L11[D123W232b]
453143,0001_202425_bfr_allg_gy_leh_00_2022_p1,7,D123W232b,6,L11[D123W232b]
453143,0001_202425_bfr_allg_gy_leh_00_2022_p1,8,D123W232b,5,L11[D123W232b]
453143,0001_202425_bfr_allg_gy_leh_00_2022_p1,9,D123W232b,5,L11[D123W232b]
453143,0001_202425_bfr_allg_gy_leh_00_2022_p1,10,D123W232b,6,L11[D123W232b]
453143,0001_202425_bfr_allg_gy_leh_00_2022_p1,1,D133W233,2,L11[D133W233]
453143,0001_202425_bfr_allg_gy_leh_00_2022_p1,2,D133W233,1,L11[D133W233]
453143,0001_202425_bfr_allg_gy_leh_00_2022_p1,3,D133W233,1,L11[D133W233]
453143,0001_202425_bfr_allg_gy_leh_00_2022_p1,4,D133W233,5,L11[D133W233]
453143,0001_202425_bfr_allg_gy_leh_00_2022_p1,5,D133W233,3,L11[D133W233]
453143,0001_202425_bfr_allg_gy_leh_00_2022_p1,6,D133W233,1,L11[D133W233]
453143,0001_202425_bfr_allg_gy_leh_00_2022_p1,7,D133W233,5,L11[D133W233]
453143,0001_202425_bfr_allg_gy_leh_00_2022_p1,8,D133W233,2,L11[D133W233]
453143,0001_202425_bfr_allg_gy_leh_00_2022_p1,9,D133W233,4,L11[D133W233]
453143,0001_202425_bfr_allg_gy_leh_00_2022_p1,10,D133W233,1,L11[D133W233]
453143,0001_202425_bfr_allg_gy_leh_00_2022_p1,1,C214W213,6,L11[C214W213]
453143,0001_202425_bfr_allg_gy_leh_00_2022_p1,2,C214W213,3,L11[C214W213]
453143,0001_202425_bfr_allg_gy_leh_00_2022_p1,3,C214W213,3,L11[C214W213]
453143,0001_202425_bfr_allg_gy_leh_00_2022_p1,4,C214W213,5,L11[C214W213]
453143,0001_202425_bfr_allg_gy_leh_00_2022_p1,5,C214W213,1,L11[C214W213]
453143,0001_202425_bfr_allg_gy_leh_00_2022_p1,6,C214W213,4,L11[C214W213]
453143,0001_202425_bfr_allg_gy_leh_00_2022_p1,7,C214W213,1,L11[C214W213]
453143,0001_202425_bfr_allg_gy_leh_00_2022_p1,8,C214W213,2,L11[C214W213]
453143,0001_202425_bfr_allg_gy_leh_00_2022_p1,9,C214W213,6,L11[C214W213]
453143,0001_202425_bfr_allg_gy_leh_00_2022_p1,10,C214W213,2,L11[C214W213]
453143,0001_202425_bfr_allg_gy_leh_00_2022_p1,1,D225W234,5,L11[D225W234]
453143,0001_202425_bfr_allg_gy_leh_00_2022_p1,2,D225W234,5,L11[D225W234]
453143,0001_202425_bfr_allg_gy_leh_00_2022_p1,3,D225W234,1,L11[D225W234]
453143,0001_202425_bfr_allg_gy_leh_00_2022_p1,4,D225W234,5,L11[D225W234]
453143,0001_202425_bfr_allg_gy_leh_00_2022_p1,5,D225W234,3,L11[D225W234]
453143,0001_202425_bfr_allg_gy_leh_00_2022_p1,6,D225W234,5,L11[D225W234]
453143,0001_202425_bfr_allg_gy_leh_00_2022_p1,7,D225W234,3,L11[D225W234]
453143,0001_202425_bfr_allg_gy_leh_00_2022_p1,8,D225W234,2,L11[D225W234]
453143,0001_202425_bfr_allg_gy_leh_00_2022_p1,9,D225W234,1,L11[D225W234]
453143,0001_202425_bfr_allg_gy_leh_00_2022_p1,10,D225W234,3,L11[D225W234]
453143,0001_202425_bfr_allg_gy_leh_00_2022_p1,1,W2leh,3,L12[W2leh]
453143,0001_202425_bfr_allg_gy_leh_00_2022_p1,2,W2leh,5,L12[W2leh]
453143,0001_202425_bfr_allg_gy_leh_00_2022_p1,3,W2leh,2,L12[W2leh]
453143,0001_202425_bfr_allg_gy_leh_00_2022_p1,4,W2leh,4,L12[W2leh]
453143,0001_202425_bfr_allg_gy_leh_00_2022_p1,5,W2leh,5,L12[W2leh]
453143,0001_202425_bfr_allg_gy_leh_00_2022_p1,6,W2leh,3,L12[W2leh]
453143,0001_202425_bfr_allg_gy_leh_00_2022_p1,7,W2leh,4,L12[W2leh]
453143,0001_202425_bfr_allg_gy_leh_00_2022_p1,8,W2leh,4,L12[W2leh]
453143,0001_202425_bfr_allg_gy_leh_00_2022_p1,9,W2leh,4,L12[W2leh]
453143,0001_202425_bfr_allg_gy_leh_00_2022_p1,10,W2leh,5,L12[W2leh]
453143,0001_202425_bfr_allg_gy_leh_00_2022_p1,1,A513W251,2,L13[A513W251]
453143,0001_202425_bfr_allg_gy_leh_00_2022_p1,2,A513W251,2,L13[A513W251]
453143,0001_202425_bfr_allg_gy_leh_00_2022_p1,3,A513W251,5,L13[A513W251]
453143,0001_202425_bfr_allg_gy_leh_00_2022_p1,4,A513W251,3,L13[A513W251]
453143,0001_202425_bfr_allg_gy_leh_00_2022_p1,5,A513W251,4,L13[A513W251]
453143,0001_202425_bfr_allg_gy_leh_00_2022_p1,6,A513W251,2,L13[A513W251]
453143,0001_202425_bfr_allg_gy_leh_00_2022_p1,7,A513W251,6,L13[A513W251]
453143,0001_202425_bfr_allg_gy_leh_00_2022_p1,8,A513W251,2,L13[A513W251]
453143,0001_202425_bfr_allg_gy_leh_00_2022_p1,9,A513W251,2,L13[A513W251]
453143,0001_202425_bfr_allg_gy_leh_00_2022_p1,10,A513W251,4,L13[A513W251]
453143,0001_202425_bfr_allg_gy_leh_00_2022_p1,1,A423W243,1,L13[A423W243]
453143,0001_202425_bfr_allg_gy_leh_00_2022_p1,2,A423W243,1,L13[A423W243]
453143,0001_202425_bfr_allg_gy_leh_00_2022_p1,3,A423W243,3,L13[A423W243]
453143,0001_202425_bfr_allg_gy_leh_00_2022_p1,4,A423W243,5,L13[A423W243]
453143,0001_202425_bfr_allg_gy_leh_00_2022_p1,5,A423W243,6,L13[A423W243]
453143,0001_202425_bfr_allg_gy_leh_00_2022_p1,6,A423W243,1,L13[A423W243]
453143,0001_202425_bfr_allg_gy_leh_00_2022_p1,7,A423W243,6,L13[A423W243]
453143,0001_202425_bfr_allg_gy_leh_00_2022_p1,8,A423W243,4,L13[A423W243]
453143,0001_202425_bfr_allg_gy_leh_00_2022_p1,9,A423W243,6,L13[A423W243]
453143,0001_202425_bfr_allg_gy_leh_00_2022_p1,10,A423W243,2,L13[A423W243]
453143,0001_202425_bfr_allg_gy_leh_00_2022_p1,1,A535W254,5,L13[A535W254]
453143,0001_202425_bfr_allg_gy_leh_00_2022_p1,2,A535W254,2,L13[A535W254]
453143,0001_202425_bfr_allg_gy_leh_00_2022_p1,3,A535W254,4,L13[A535W254]
453143,0001_202425_bfr_allg_gy_leh_00_2022_p1,4,A535W254,3,L13[A535W254]
453143,0001_202425_bfr_allg_gy_leh_00_2022_p1,5,A535W254,2,L13[A535W254]
453143,0001_202425_bfr_allg_gy_leh_00_2022_p1,6,A535W254,6,L13[A535W254]
453143,0001_202425_bfr_allg_gy_leh_00_2022_p1,7,A535W254,4,L13[A535W254]
453143,0001_202425_bfr_allg_gy_leh_00_2022_p1,8,A535W254,6,L13[A535W254]
453143,0001_202425_bfr_allg_gy_leh_00_2022_p1,9,A535W254,5,L13[A535W254]
453143,0001_202425_bfr_allg_gy_leh_00_2022_p1,10,A535W254,4,L13[A535W254]
453143,0001_202425_bfr_allg_gy_leh_00_2022_p1,1,A525W253,6,L13[A525W253]
453143,0001_202425_bfr_allg_gy_leh_00_2022_p1,2,A525W253,6,L13[A525W253]
453143,0001_202425_bfr_allg_gy_leh_00_2022_p1,3,A525W253,6,L13[A525W253]
453143,0001_202425_bfr_allg_gy_leh_00_2022_p1,4,A525W253,2,L13[A525W253]
453143,0001_202425_bfr_allg_gy_leh_00_2022_p1,5,A525W253,3,L13[A525W253]
453143,0001_202425_bfr_allg_gy_leh_00_2022_p1,6,A525W253,1,L13[A525W253]
453143,0001_202425_bfr_allg_gy_leh_00_2022_p1,7,A525W253,3,L13[A525W253]
453143,0001_202425_bfr_allg_gy_leh_00_2022_p1,8,A525W253,4,L13[A525W253]
453143,0001_202425_bfr_allg_gy_leh_00_2022_p1,9,A525W253,4,L13[A525W253]
453143,0001_202425_bfr_allg_gy_leh_00_2022_p1,10,A525W253,6,L13[A525W253]
453143,0001_202425_bfr_allg_gy_leh_00_2022_p1,1,A526W255a,6,L13[A526W255a]
453143,0001_202425_bfr_allg_gy_leh_00_2022_p1,2,A526W255a,5,L13[A526W255a]
453143,0001_202425_bfr_allg_gy_leh_00_2022_p1,3,A526W255a,5,L13[A526W255a]
453143,0001_202425_bfr_allg_gy_leh_00_2022_p1,4,A526W255a,4,L13[A526W255a]
453143,0001_202425_bfr_allg_gy_leh_00_2022_p1,5,A526W255a,5,L13[A526W255a]
453143,0001_202425_bfr_allg_gy_leh_00_2022_p1,6,A526W255a,1,L13[A526W255a]
453143,0001_202425_bfr_allg_gy_leh_00_2022_p1,7,A526W255a,5,L13[A526W255a]
453143,0001_202425_bfr_allg_gy_leh_00_2022_p1,8,A526W255a,5,L13[A526W255a]
453143,0001_202425_bfr_allg_gy_leh_00_2022_p1,9,A526W255a,3,L13[A526W255a]
453143,0001_202425_bfr_allg_gy_leh_00_2022_p1,10,A526W255a,1,L13[A526W255a]
453143,0001_202425_bfr_allg_gy_leh_00_2022_p1,1,A526W255b,1,L14[A526W255b]
453143,0001_202425_bfr_allg_gy_leh_00_2022_p1,2,A526W255b,1,L14[A526W255b]
453143,0001_202425_bfr_allg_gy_leh_00_2022_p1,3,A526W255b,1,L14[A526W255b]
453143,0001_202425_bfr_allg_gy_leh_00_2022_p1,4,A526W255b,6,L14[A526W255b]
453143,0001_202425_bfr_allg_gy_leh_00_2022_p1,5,A526W255b,4,L14[A526W255b]
453143,0001_202425_bfr_allg_gy_leh_00_2022_p1,6,A526W255b,5,L14[A526W255b]
453143,0001_202425_bfr_allg_gy_leh_00_2022_p1,7,A526W255b,1,L14[A526W255b]
453143,0001_202425_bfr_allg_gy_leh_00_2022_p1,8,A526W255b,3,L14[A526W255b]
453143,0001_202425_bfr_allg_gy_leh_00_2022_p1,9,A526W255b,1,L14[A526W255b]
453143,0001_202425_bfr_allg_gy_leh_00_2022_p1,10,A526W255b,3,L14[A526W255b]
453143,0001_202425_bfr_allg_gy_leh_00_2022_p1,1,A527W246,4,L14[A527W246]
453143,0001_202425_bfr_allg_gy_leh_00_2022_p1,2,A527W246,1,L14[A527W246]
453143,0001_202425_bfr_allg_gy_leh_00_2022_p1,3,A527W246,1,L14[A527W246]
453143,0001_202425_bfr_allg_gy_leh_00_2022_p1,4,A527W246,1,L14[A527W246]
453143,0001_202425_bfr_allg_gy_leh_00_2022_p1,5,A527W246,5,L14[A527W246]
453143,0001_202425_bfr_allg_gy_leh_00_2022_p1,6,A527W246,4,L14[A527W246]
453143,0001_202425_bfr_allg_gy_leh_00_2022_p1,7,A527W246,6,L14[A527W246]
453143,0001_202425_bfr_allg_gy_leh_00_2022_p1,8,A527W246,5,L14[A527W246]
453143,0001_202425_bfr_allg_gy_leh_00_2022_p1,9,A527W246,1,L14[A527W246]
453143,0001_202425_bfr_allg_gy_leh_00_2022_p1,10,A527W246,6,L14[A527W246]
453143,0001_202425_bfr_allg_gy_leh_00_2022_p1,1,B322W262b,1,L14[B322W262b]
453143,0001_202425_bfr_allg_gy_leh_00_2022_p1,2,B322W262b,4,L14[B322W262b]
453143,0001_202425_bfr_allg_gy_leh_00_2022_p1,3,B322W262b,2,L14[B322W262b]
453143,0001_202425_bfr_allg_gy_leh_00_2022_p1,4,B322W262b,6,L14[B322W262b]
453143,0001_202425_bfr_allg_gy_leh_00_2022_p1,5,B322W262b,6,L14[B322W262b]
453143,0001_202425_bfr_allg_gy_leh_00_2022_p1,6,B322W262b,3,L14[B322W262b]
453143,0001_202425_bfr_allg_gy_leh_00_2022_p1,7,B322W262b,1,L14[B322W262b]
453143,0001_202425_bfr_allg_gy_leh_00_2022_p1,8,B322W262b,5,L14[B322W262b]
453143,0001_202425_bfr_allg_gy_leh_00_2022_p1,9,B322W262b,4,L14[B322W262b]
453143,0001_202425_bfr_allg_gy_leh_00_2022_p1,10,B322W262b,2,L14[B322W262b]
453143,0001_202425_bfr_allg_gy_leh_00_2022_p1,1,B323W263b,3,L14[B323W263b]
453143,0001_202425_bfr_allg_gy_leh_00_2022_p1,2,B323W263b,5,L14[B323W263b]
453143,0001_202425_bfr_allg_gy_leh_00_2022_p1,3,B323W263b,1,L14[B323W263b]
453143,0001_202425_bfr_allg_gy_leh_00_2022_p1,4,B323W263b,6,L14[B323W263b]
453143,0001_202425_bfr_allg_gy_leh_00_2022_p1,5,B323W263b,3,L14[B323W263b]
453143,0001_202425_bfr_allg_gy_leh_00_2022_p1,6,B323W263b,2,L14[B323W263b]
453143,0001_202425_bfr_allg_gy_leh_00_2022_p1,7,B323W263b,2,L14[B323W263b]
453143,0001_202425_bfr_allg_gy_leh_00_2022_p1,8,B323W263b,6,L14[B323W263b]
453143,0001_202425_bfr_allg_gy_leh_00_2022_p1,9,B323W263b,2,L14[B323W263b]
453143,0001_202425_bfr_allg_gy_leh_00_2022_p1,10,B323W263b,3,L14[B323W263b]
453143,0001_202425_bfr_allg_gy_leh_00_2022_p1,1,B324W264b,1,L14[B324W264b]
453143,0001_202425_bfr_allg_gy_leh_00_2022_p1,2,B324W264b,1,L14[B324W264b]
453143,0001_202425_bfr_allg_gy_leh_00_2022_p1,3,B324W264b,4,L14[B324W264b]
453143,0001_202425_bfr_allg_gy_leh_00_2022_p1,4,B324W264b,2,L14[B324W264b]
453143,0001_202425_bfr_allg_gy_leh_00_2022_p1,5,B324W264b,3,L14[B324W264b]
453143,0001_202425_bfr_allg_gy_leh_00_2022_p1,6,B324W264b,6,L14[B324W264b]
453143,0001_202425_bfr_allg_gy_leh_00_2022_p1,7,B324W264b,4,L14[B324W264b]
453143,0001_202425_bfr_allg_gy_leh_00_2022_p1,8,B324W264b,5,L14[B324W264b]
453143,0001_202425_bfr_allg_gy_leh_00_2022_p1,9,B324W264b,2,L14[B324W264b]
453143,0001_202425_bfr_allg_gy_leh_00_2022_p1,10,B324W264b,1,L14[B324W264b]
453143,0001_202425_bfr_allg_gy_leh_00_2022_p1,1,B325W265b,5,L14[B325W265b]
453143,0001_202425_bfr_allg_gy_leh_00_2022_p1,2,B325W265b,6,L14[B325W265b]
453143,0001_202425_bfr_allg_gy_leh_00_2022_p1,3,B325W265b,1,L14[B325W265b]
453143,0001_202425_bfr_allg_gy_leh_00_2022_p1,4,B325W265b,4,L14[B325W265b]
453143,0001_202425_bfr_allg_gy_leh_00_2022_p1,5,B325W265b,3,L14[B325W265b]
453143,0001_202425_bfr_allg_gy_leh_00_2022_p1,6,B325W265b,1,L14[B325W265b]
453143,0001_202425_bfr_allg_gy_leh_00_2022_p1,7,B325W265b,5,L14[B325W265b]
453143,0001_202425_bfr_allg_gy_leh_00_2022_p1,8,B325W265b,5,L14[B325W265b]
453143,0001_202425_bfr_allg_gy_leh_00_2022_p1,9,B325W265b,5,L14[B325W265b]
453143,0001_202425_bfr_allg_gy_leh_00_2022_p1,10,B325W265b,4,L14[B325W265b]
453143,0001_202425_bfr_allg_gy_leh_00_2022_p1,1,Z1L,2,Zuf[Z1L]
453143,0001_202425_bfr_allg_gy_leh_00_2022_p1,2,Z1L,4,Zuf[Z1L]
453143,0001_202425_bfr_allg_gy_leh_00_2022_p1,3,Z1L,1,Zuf[Z1L]
453143,0001_202425_bfr_allg_gy_leh_00_2022_p1,4,Z1L,4,Zuf[Z1L]
453143,0001_202425_bfr_allg_gy_leh_00_2022_p1,5,Z1L,2,Zuf[Z1L]
453143,0001_202425_bfr_allg_gy_leh_00_2022_p1,6,Z1L,1,Zuf[Z1L]
453143,0001_202425_bfr_allg_gy_leh_00_2022_p1,7,Z1L,4,Zuf[Z1L]
453143,0001_202425_bfr_allg_gy_leh_00_2022_p1,8,Z1L,2,Zuf[Z1L]
453143,0001_202425_bfr_allg_gy_leh_00_2022_p1,9,Z1L,3,Zuf[Z1L]
453143,0001_202425_bfr_allg_gy_leh_00_2022_p1,10,Z1L,1,Zuf[Z1L]
453143,0001_202425_bfr_allg_gy_leh_00_2022_p1,1,Z2L,2,Zuf[Z2L]
453143,0001_202425_bfr_allg_gy_leh_00_2022_p1,2,Z2L,3,Zuf[Z2L]
453143,0001_202425_bfr_allg_gy_leh_00_2022_p1,3,Z2L,3,Zuf[Z2L]
453143,0001_202425_bfr_allg_gy_leh_00_2022_p1,4,Z2L,2,Zuf[Z2L]
453143,0001_202425_bfr_allg_gy_leh_00_2022_p1,5,Z2L,1,Zuf[Z2L]
453143,0001_202425_bfr_allg_gy_leh_00_2022_p1,6,Z2L,2,Zuf[Z2L]
453143,0001_202425_bfr_allg_gy_leh_00_2022_p1,7,Z2L,1,Zuf[Z2L]
453143,0001_202425_bfr_allg_gy_leh_00_2022_p1,8,Z2L,2,Zuf[Z2L]
453143,0001_202425_bfr_allg_gy_leh_00_2022_p1,9,Z2L,2,Zuf[Z2L]
453143,0001_202425_bfr_allg_gy_leh_00_2022_p1,10,Z2L,2,Zuf[Z2L]
453143,0001_202425_bfr_allg_gy_leh_00_2022_p1,1,Z3L,2,Zuf[Z3L]
453143,0001_202425_bfr_allg_gy_leh_00_2022_p1,2,Z3L,5,Zuf[Z3L]
453143,0001_202425_bfr_allg_gy_leh_00_2022_p1,3,Z3L,1,Zuf[Z3L]
453143,0001_202425_bfr_allg_gy_leh_00_2022_p1,4,Z3L,3,Zuf[Z3L]
453143,0001_202425_bfr_allg_gy_leh_00_2022_p1,5,Z3L,1,Zuf[Z3L]
453143,0001_202425_bfr_allg_gy_leh_00_2022_p1,6,Z3L,1,Zuf[Z3L]
453143,0001_202425_bfr_allg_gy_leh_00_2022_p1,7,Z3L,3,Zuf[Z3L]
453143,0001_202425_bfr_allg_gy_leh_00_2022_p1,8,Z3L,4,Zuf[Z3L]
453143,0001_202425_bfr_allg_gy_leh_00_2022_p1,9,Z3L,3,Zuf[Z3L]
453143,0001_202425_bfr_allg_gy_leh_00_2022_p1,10,Z3L,4,Zuf[Z3L]
453143,0001_202425_bfr_allg_gy_leh_00_2022_p1,1,Z4L,3,Zuf[Z4L]
453143,0001_202425_bfr_allg_gy_leh_00_2022_p1,2,Z4L,1,Zuf[Z4L]
453143,0001_202425_bfr_allg_gy_leh_00_2022_p1,3,Z4L,2,Zuf[Z4L]
453143,0001_202425_bfr_allg_gy_leh_00_2022_p1,4,Z4L,2,Zuf[Z4L]
453143,0001_202425_bfr_allg_gy_leh_00_2022_p1,5,Z4L,2,Zuf[Z4L]
453143,0001_202425_bfr_allg_gy_leh_00_2022_p1,6,Z4L,5,Zuf[Z4L]
453143,0001_202425_bfr_allg_gy_leh_00_2022_p1,7,Z4L,2,Zuf[Z4L]
453143,0001_202425_bfr_allg_gy_leh_00_2022_p1,8,Z4L,3,Zuf[Z4L]
453143,0001_202425_bfr_allg_gy_leh_00_2022_p1,9,Z4L,5,Zuf[Z4L]
453143,0001_202425_bfr_allg_gy_leh_00_2022_p1,10,Z4L,1,Zuf[Z4L]
453143,0001_202425_bfr_allg_gy_leh_00_2022_p1,1,Z5L,2,Zuf[Z5L]
453143,0001_202425_bfr_allg_gy_leh_00_2022_p1,2,Z5L,2,Zuf[Z5L]
453143,0001_202425_bfr_allg_gy_leh_00_2022_p1,3,Z5L,1,Zuf[Z5L]
453143,0001_202425_bfr_allg_gy_leh_00_2022_p1,4,Z5L,2,Zuf[Z5L]
453143,0001_202425_bfr_allg_gy_leh_00_2022_p1,5,Z5L,5,Zuf[Z5L]
453143,0001_202425_bfr_allg_gy_leh_00_2022_p1,6,Z5L,2,Zuf[Z5L]
453143,0001_202425_bfr_allg_gy_leh_00_2022_p1,7,Z5L,5,Zuf[Z5L]
453143,0001_202425_bfr_allg_gy_leh_00_2022_p1,8,Z5L,2,Zuf[Z5L]
453143,0001_202425_bfr_allg_gy_leh_00_2022_p1,9,Z5L,2,Zuf[Z5L]
453143,0001_202425_bfr_allg_gy_leh_00_2022_p1,10,Z5L,5,Zuf[Z5L]
453143,0001_202425_bfr_allg_gy_leh_00_2022_p1,1,Z6L,4,Zuf[Z6L]
453143,0001_202425_bfr_allg_gy_leh_00_2022_p1,2,Z6L,2,Zuf[Z6L]
453143,0001_202425_bfr_allg_gy_leh_00_2022_p1,3,Z6L,2,Zuf[Z6L]
453143,0001_202425_bfr_allg_gy_leh_00_2022_p1,4,Z6L,4,Zuf[Z6L]
453143,0001_202425_bfr_allg_gy_leh_00_2022_p1,5,Z6L,2,Zuf[Z6L]
453143,0001_202425_bfr_allg_gy_leh_00_2022_p1,6,Z6L,5,Zuf[Z6L]
453143,0001_202425_bfr_allg_gy_leh_00_2022_p1,7,Z6L,2,Zuf[Z6L]
453143,0001_202425_bfr_allg_gy_leh_00_2022_p1,8,Z6L,5,Zuf[Z6L]
453143,0001_202425_bfr_allg_gy_leh_00_2022_p1,9,Z6L,3,Zuf[Z6L]
453143,0001_202425_bfr_allg_gy_leh_00_2022_p1,10,Z6L,1,Zuf[Z6L]
453143,0001_202425_bfr_allg_gy_leh_00_2022_p1,1,mitdate,2024-08-28 10:13:55,submitdate
453143,0001_202425_bfr_allg_gy_leh_00_2022_p1,2,mitdate,2024-08-28 10:13:55,submitdate
453143,0001_202425_bfr_allg_gy_leh_00_2022_p1,3,mitdate,2024-08-28 10:13:55,submitdate
453143,0001_202425_bfr_allg_gy_leh_00_2022_p1,4,mitdate,2024-08-28 10:13:55,submitdate
453143,0001_202425_bfr_allg_gy_leh_00_2022_p1,5,mitdate,2024-08-28 10:13:55,submitdate
453143,0001_202425_bfr_allg_gy_leh_00_2022_p1,6,mitdate,2024-08-28 10:13:55,submitdate
453143,0001_202425_bfr_allg_gy_leh_00_2022_p1,7,mitdate,2024-08-28 10:13:55,submitdate
453143,0001_202425_bfr_allg_gy_leh_00_2022_p1,8,mitdate,2024-08-28 10:13:55,submitdate
453143,0001_202425_bfr_allg_gy_leh_00_2022_p1,9,mitdate,2024-08-28 10:13:55,submitdate
453143,0001_202425_bfr_allg_gy_leh_00_2022_p1,10,mitdate,2024-08-28 10:13:55,submitdate
